title,type,degree,frequency,description
В. И. СПИВАКОВ,PERSON,1,1,В. И. Спиваков is a researcher associated with ИЧМ НАН Украины involved in the study of controlled rolling processes for sheets of steel.
Э. А. ОРЛОВ,PERSON,1,1,Э. А. Орлов is a researcher associated with ИЧМ НАН Украины involved in the study of controlled rolling processes for sheets of steel.
И. В. ГАНОШЕНКО,PERSON,1,1,И. В. Ганошенко is a researcher associated with ИЧМ НАН Украины involved in the study of controlled rolling processes for sheets of steel.
МК «АЗОВСТАЛЬ»,ORGANIZATION,3,1,МК «Азовсталь» is a steel plant in Ukraine involved in the processes of controlled rolling of thick sheets with accelerated cooling.
КП,PROCESS,17,3,"КП, или контролируемая прокатка, представляет собой технологический процесс, который используется для прокатки металла при высоких температурах с целью достижения заданных механических свойств. Этот метод прокатки имеет также более узкую интерпретацию, называемую низкотемпературной контролируемой прокаткой, которая осуществляется при относительно низких температурах, что открывает новые возможности для достижения определенных прочностных и пластических характеристик.

КП применяется в производстве толстостенных сталей, где строго контролируемые условия прокатки позволяют получить стали с высокими характеристиками. Этот процесс является ключевым элементом в metallurgical industry, так как он обеспечивает оптимизацию внутренней структуры металла, улучшая его прочностные и деформационные свойства. 

Процесс контролируемой прокатки требует точного контроля температуры, скорости прокатки и других параметров, что делает его важным для обеспечения качественной продукции, соответствующей современным требованиям и стандартам. Благодаря своему высокотехнологичному подходу, КП помогает производить металлы, которые могут эффективно использоваться в различных отраслях, включая строительство, автомобилестроение и оборонную промышленность."
МАЛОПЕРЛИТНЫЕ СТАЛИ,STEEL GRADE,3,3,"Малоперлитные стали, или стали с низким содержанием перлита, представляют собой разновидность стали, отличающуюся минимальным содержанием перлита, что значительно влияет на её механические свойства. Эти стали характеризуются хорошей пластичностью и ударной вязкостью, что позволяет им использоваться в различных условиях, в том числе и при высоких температурах.

Особое внимание следует уделить малоперлитным сталям, содержащим ниобий (Nb) в количестве до 0,03%. Для таких сталей критически важно строгое соблюдение температурных режимов, что необходимо для оптимизации процессов деформации. Это подтверждает значимость термического контроля в производственном процессе, так как неправильные температурные условия могут негативно сказаться на механических и физико-химических свойствах стали.

Таким образом, малоперлитные стали находят широкое применение благодаря своим уникальным свойствам, обеспечивающим надежность и долговечность при эксплуатации в условиях, сопряженных с высокими температурами."
НИТРИДО-И КАРБОНООБРАЗУЮЩИЕ ЭЛЕМЕНТЫ,ALLOYING ELEMENT,1,1,"Элементы, способствующие образованию карбидов и нитридов, улучшающие свойства сталей."
ТМО,PROCESS,1,1,Технологический процесс ТМО is a rolling process for steel aimed at improving specific mechanical properties.
ННМИ,EQUIPMENT,0,1,нерегулярная выпечка в чистовой клети стана используется для достижения желаемых свойств металла.
ПРОЦЕСС НОРМАЛИЗАЦИИ,PROCESS,0,1,Процесс нормализации used to enhance the mechanical properties of steels through controlled transformation.
НИЗКОЛЕГИРОВАННЫЕ СТАЛИ,STEEL GRADE,1,1,Низколегированные стали are low-alloy steels with specific compositions optimized for structural applications.
ВЫСОКИЙ ТЕМПЕРАТУРНЫЙ РЕЖИМ,PROCESS PARAMETER,1,1,Высокий температурный режим refers to high-temperature controlled rolling processes that impact mechanical properties.
НИЗКИЕ ТЕМПЕРАТУРЫ,PROCESS PARAMETER,1,1,"Низкие температуры в контексте прокатки становятся критическими для формирования свойств стали, влияя на рекристаллизацию."
ФЕРРИТ,PHASE,2,1,"Феррит is a body-centered cubic form of iron, affecting the mechanical properties of low alloy steels."
ТЕПЕРАТУРА,PROCESS PARAMETER,0,1,Температура in the context of rolling processes affects the mechanical properties of steel during deformation.
АУСТЕНИТ,PHASE,1,1,"Аустенит is a face-centered cubic form of iron, significant in processes affecting the mechanical characteristics of steel."
КЛЕТЬ,EQUIPMENT,1,2,"Клеть является специализированным устройством, применяемым на прокатных стане, которое предназначено для деформации металла в процессе прокатки. Она играет ключевую роль в формировании и обработке стальных листов, позволяя эффективно изменять их размеры и форму. Клеть используется в различных промышленных процессах, связанных с переработкой металла, где важна точность и качество конечного продукта."
УПРУГОСТЬ,MECHANICAL PROPERTY,0,1,Упругость is a mechanical property related to how materials deform elastically when stress is applied.
ПРОЧНОСТЬ,MECHANICAL PROPERTY,1,1,"Прочность describes the resistance of steel to deformation under stress, a critical property influenced by processing conditions."
ВЯЗКОСТЬ,MECHANICAL PROPERTY,1,1,"Вязкость indicates the toughness of the steel, important for its application in various structural components."
ИНДЕКС КОЭФФИЦИЕНТА,PROCESS PARAMETER,0,1,Индекс коэффициента is indicative of the effectiveness of the controlled rolling process in terms of strength and toughness.
ТЕПЛОВАЯ ОБРАБОТКА,PROCESS,1,1,Тепловая обработка is the heating and cooling technique used as part of the process to enhance the mechanical properties of steel.
NEPRYEVNOLITOGO METALLA,PROCESS,1,1,"Continuous casting of metal, focuses on improving the properties of continuously cast metal."
NOPTEMPERATURNY REGIM,PROCESS PARAMETER,3,1,Low-temperature regime required for achieving specified property levels in continuous casting.
T_H,PROCESS PARAMETER,2,1,Temperature range of 750-700 °C that the material must be cooled to before final rolling.
MANNESMAN-ROHREN,ORGANIZATION,1,1,A manufacturing company known for its powerful thick sheet mills for steel processing in Germany.
VOEST-ALPINE,ORGANIZATION,1,1,An Austrian company involved in steel production with significant industrial capabilities.
POSCO,ORGANIZATION,1,1,A South Korean steel-making company recognized for its technological advancements in steel production.
MK IM. 'ILIČA',ORGANIZATION,1,1,Mariupol facility involved in metal processing and known for its continuous casting technology.
KONTROLIROVANNOY PROKATKI,PROCESS,6,1,Controlled rolling process involving the heating and deformation of slabs followed by cooling.
DURABILITY,MECHANICAL PROPERTY,1,1,Refers to the strength of metallic materials during processes preventing failure or fatigue.
PLASTICITY,MECHANICAL PROPERTY,1,1,The property that allows metals to undergo deformation without breaking.
TEMPERATURE PROTOCOL,PROCESS PARAMETER,1,1,Protocol for heating and rolling slabs to specific temperatures for optimal processing.
CHERNOVAYA KLETI,EQUIPMENT,1,1,The roughing mill is where the slabs undergo initial rolling to reduce thickness.
CHISTOVAYA KLETI,EQUIPMENT,1,1,The finishing mill where the material is rolled into the desired final thickness.
UOVT,EQUIPMENT,1,1,The accelerated cooling installation used to achieve required cooling rates during processing.
TOLSHINA PODKATA,PROCESS PARAMETER,1,1,"Thickness of the rolled material, specifically around 50 mm, affecting the rolling process parameters."
VYDERZHKA,PROCESS PARAMETER,1,1,Pause duration required for cooling slabs between rolling passes.
RAVNOE PROKATKI,MECHANICAL PROPERTY,1,1,"Flatness achieved during rolling, affected by processing regimes."
TEXNOLOGICHESKIYE OPERACII,PROCESS,1,1,Technological operations involved in the rolling process include various techniques for efficiency.
НИЗКОТЕМПЕРАТУРНАЯ КП,PROCESS,3,1,Низкотемпературная компенсационная прокатка (КП) достигает 25–33% производительности за счет снижения выдержки подкатов при охлаждении их между клетями.
ВЫСОКОТЕМПЕРАТУРНАЯ КП,PROCESS,2,1,Высокотемпературная компенсационная прокатка (КП) применима для ускоренного охлаждения подкатов или готовых листов после прокатки.
УСТАНОВКА УОВТ,EQUIPMENT,1,1,Установка УОВТ используется для охлаждения подкатов до необходимых температур КП после нескольких проходов в черновой клети.
ТЕМПЕРАТУРА ДЕФОРМАЦИИ,PROCESS PARAMETER,2,1,Температура деформации должна находиться в интервале 1000–850°C для эффективной деформации подкатов.
ЗЕРНО ФЕРРИТА,MICROSTRUCTURE,1,1,Зерно феррита должно быть измельчено при температуре деформации ниже 850°C для повышения прочности стали.
ПРОИЗВОДИТЕЛЬНОСТЬ,MECHANICAL PROPERTY,1,1,Производительность процесса компесационной прокатки может быть увеличена за счет оптимизации температур и времени выдержки.
СЛЯБЫ,MATERIAL,2,1,"Слябы являются заготовками, которые подлежат нагреву до высокой температуры перед прокаткой."
САРАФАН,PHASE,0,1,"Сарафан - это фаза фазового состояния, которая может образовываться в определенных условиях прокатки."
ЧЕРНОВАЯ КЛЕТЬ,EQUIPMENT,2,1,"Черновая клеть - это часть прокатного стана, где происходит первая деформация заготовок."
ПРОЦЕСС КОМПЕНСАЦИОННОЙ ПРОКАТКИ,PROCESS,2,1,"Процесс, включающий операции по высокотемпературной и низкотемпературной КП для достижения необходимых свойств стали."
ЗАВЕРШАЮЩИЕ 3 ПРОХОДА,PROCESS PARAMETER,1,1,Перед завершением прокатки осуществляется последняя стадия прокатки подкатов для достижения требуемой металаформы.
СОРТАТОПРОКАТ,MATERIAL,1,1,"Сортатопркаты - это разновидность металлопроката, полученная в результате различных прокатных операций, включая КП."
ИСКУССТВЕННАЯ СХЕМА,PROCESS,1,1,"Искусственная схема - это концепция, описывающая способы управления технологическими процессами в процессе КП."
КПУО,PROCESS,6,2,"КПУО, или высокотемпературная контролируемая прокатка с ускоренным охлаждением, представляет собой процесс, в рамках которого сталь поддается прокатке при повышенных температурах. Этот метод включает в себя последующее охлаждение материала, что позволяет значительно улучшить его механические свойства. КПУО является разновидностью процесса контролируемого проката, акцентирующего внимание на высокотемпературном охлаждении, что способствует оптимизации характеристик стали и повышению ее прочности и долговечности. Таким образом, КПУО сочетает в себе инновационные технологии термической обработки и механической переработки, обеспечивая высокое качество конечного продукта."
470-550°C,PROCESS PARAMETER,0,1,"Температурный диапазон, необходимый для поддержания плоскостности раскатов и избежания появления мартенситной фазы в процессе прокатки."
АЦ3,PHASE,1,1,"АЦ3 - температура, при которой начинается превращение аустенита в феррит и цементит, что критично для оценки механических свойств сталей."
СМУО,PROCESS,1,1,"СМУО, или система многоцелевого ускоренного охлаждения раскатов, представляет собой процесс, использующий воду для быстрой стабилизации характеристик металла после прокатки."
ПРОВОДИМЫЕ ИСПЫТАНИЯ,PHENOMENON,0,1,"Испытания, проведенные для оценки механических свойств и микроструктуры сталей после высокотемпературной и низкотемпературной прокатки."
УО,PROCESS,2,2,"The term ""УО,"" or ""intermediate cooling,"" refers to a specialized process utilized during metal rolling. This technique is designed to temporarily lower the temperature of the metal, thereby enhancing its mechanical properties. Known in some contexts as ""ускоренное охлаждение"" (accelerated cooling), УО enables a significant reduction in cooling time following the metal's processing. This accelerated cooling is crucial for improving the physical properties of the metal, making it more durable and effective for various applications. By controlling the cooling rate, УО aids in the optimization of the metal’s final characteristics, ultimately contributing to better performance in its intended uses."
СТАЛЬ 09Г2ФБ,STEEL GRADE,1,1,"09Г2ФБ - это марка стали, которая используется в строительстве трубопроводов благодаря своей повышенной прочности и устойчивости к внешним факторам."
СТАН 3000,EQUIPMENT,3,2,"The ""СТАН 3000"" is a specialized piece of processing equipment designed for the production of strips, known as штрипсы, through controlled rolling techniques. This equipment focuses on achieving specific properties in the end product by carefully managing the rolling process. However, it is important to note that the Стан 3000 does not include features for accelerated cooling of the strips, which can be a critical aspect in certain metalworking applications. Overall, the Стан 3000 represents a significant advancement in strip production technology, emphasizing controlled rolling to obtain the desired characteristics in the materials processed."
СТАН 3600,EQUIPMENT,4,2,"СТАН 3600 is a specialized rolling mill designed for the production of steel strips. This equipment is notable for its capability to perform accelerated cooling during the rolling process, which enhances the mechanical properties of the produced steel. The incorporation of these cooling conditions is a key feature, allowing for improved quality and performance of the steel strips manufactured by СТАН 3600. Overall, the mill plays a significant role in optimizing the production process and ensuring the desirable attributes of the final steel product."
ТРУБНЫЕ СТАЛИ С КАРБОНИТРИДНЫМ УПРОЧНЕНИЕМ,MATERIAL,1,1,"Трубные стали с карбонитридным упрочнением предназначены для использования в трубопроводах, где требуется высокая прочность."
МИКРОСТРУКТУРА,MICROSTRUCTURE,1,1,"Микроструктура стали определяется ее термическими обработками, такими как КП и УО, и влияет на прочностные характеристики."
ПЛОСКОСТНОСТЬ,MECHANICAL PROPERTY,0,1,"Плоскостность раскатов является важным механическим свойством, которое должно быть обеспечено в процессе прокатки."
МАРТЕНСИТНАЯ ФАЗА,PHASE,1,1,"Мартенситная фаза является формой стали, которая может возникнуть в результате быстрого охлаждения, влияя на механические свойства."
ВЫДЕРЖКА,PROCESS PARAMETER,1,1,Выдержка подкатов на воздухе и в промежуточном рольганге является ключевым параметром для достижения необходимых температур в процессе прокатки.
ТЕМПЕРАТУРЫ ОХЛАЖДЕНИЯ,PROCESS PARAMETER,1,1,Температуры принудительного охлаждения раскатов должны соблюдаться для избегания дефектов и обеспечения качественных характеристик продукции.
ВЛАЖНОСТЬ ВОЗДУХА,PHENOMENON,0,1,Влажность воздуха может влиять на процесс охлаждения и результат механических свойств стали.
КАЛИБРОВКА,PROCESS,1,1,Калибровка оборудования является важным процессом для обеспечения точности производства в прокатном стане.
КП+УО+КП,PROCESS,2,1,The process scheme КП+УО+КП includes controlled rolling followed by intermediate cooling and then rolling to final thickness.
КП+УО,PROCESS,5,1,The КП+УО process scheme executes rolling in the finishing mill with accelerated cooling after the rolling process.
ВЫСОКOTEMПЕРАТУРНАЯ КП,PROCESS,1,1,High-temperature controlled rolling process maintains specific temperature-deformation modes to improve mechanical properties.
ТЕМПЕРАТУРНЫЕ ПАРАМЕТРЫ,PROCESS PARAMETER,1,1,Temperature parameters are critical thresholds defined for the success of the controlled rolling process.
ДЛИТЕЛЬНОСТЬ ПРОКАТКИ,PROCESS PARAMETER,1,1,The duration of rolling processes varies among different schemes and affects productivity and efficiency of the mill.
ОХЛАЖДЕНИЕ,PROCESS,2,1,Cooling conditions after rolling are necessary to achieve desired microstructure and mechanical properties.
ПАРАМЕТРЫ РЕЖИМОВ,PROCESS PARAMETER,1,1,Parameters governing the modes of operation dictate the quality and efficiency of the rolling process.
КП 3600,PROCESS,1,1,"The КП 3600 process outlines controlled rolling conditions on the 3600 mill, allowing for accelerated cooling of products."
УОВТ,EQUIPMENT,6,3,"УОВТ, or intermediate cooling equipment, is essential in the rolling process for metals. It is specifically utilized in the accelerated cooling of metals at the 3600 mill. This equipment plays a critical role in the cooling phase, helping to enhance the physical properties of metals by controlling their temperature during processing. The УОВТ system is part of the broader cooling setup used in the process known as КПУО (күрурменің прокаттану үрдісі), ensuring that the metal achieves the desired structural characteristics after being rolled. Overall, УОВТ is a key component in advancing the efficiency and effectiveness of metal treatment in industrial applications."
ТЕМПЕРАТУРА НА-ГРЕВА СЛЯ-БОВ,PROCESS PARAMETER,1,1,"The heating temperature of the slabs is crucial for effective metal rolling, impacting the mechanical properties of the final product."
ОБЖАТИЕ,PROCESS PARAMETER,1,1,"Obжатие, or compression, relates to the percentage of deformation applied during the rolling stages to achieve desired thickness."
ДТУ,PROCESS,4,1,"Процесс, связанный с многопараметрическим анализом и обработкой листов"
ТЕПЛОТЕХНИЧЕСКАЯ МОДЕЛЬ,PROCESS,2,1,"Интегральная теплотехническая модель, разработанная для оценки процесса охлаждения"
МЕХАНИЧЕСКИЕ СВОЙСТВА,MECHANICAL PROPERTY,2,1,"Свойства, которые могут быть рассчитаны и оценены в процессе охлаждения полос"
РАСКАТ,PROCESS,2,1,"Процесс, связанный с формированием и охлаждением металлов"
РАСХОД ВОДЫ,PROCESS PARAMETER,4,1,"Количество воды, требуемое для верхних охлаждающих устройств в процессе проката"
СЕЛЬСИНОВЫЙ КОМАНД–АППАРАТ,EQUIPMENT,1,1,Сельсиновый команд-аппарат используется для контроля на процессах охлаждения
ТЕМПЕРАТУРА,PROCESS PARAMETER,1,1,"Температура, используемая для определения начала и условий охлаждения раската"
ПЛАВКИ,PROCESS,1,1,"Плавки в данном контексте относятся к количеству плавок, проведенных в процессе экспериментов"
ВОДА,MATERIAL,1,1,Вода используется в качестве охлаждающей жидкости в установках УОВТ
ЛИСТ,MATERIAL,1,1,"Лист - это продукт, который обрабатывается и охлаждается на установки"
ТЕМПЕРАТУРЫ,PHASE,1,1,"Температуры, при которых происходят изменения в свойствах и состоянии материала"
СЛИСТОВ,MATERIAL,1,1,"Листы толщиной 18,7 мм, охлаждаемые при различных температурах и расходах воды"
НИР,PROCESS,1,1,"Научно-исследовательская работа, направленная на изучение термомеханического упрочнения стали"
В.И. ПОГОРЖЕЛЬСКИЙ,PERSON,2,1,Автор ряда научных исследований по контролируемому прокату и термообработке металлов
Д.А. ЛИТВИНЕНКО,PERSON,1,1,"Исследователь, работавший над процессом контролируемого проката вместе с В.И. Погоржельским"
Ю.И. МАТРОСОВ,PERSON,1,1,"Ученый, участвовавший в разработке технологий контролируемого проката"
КОНСТРУКЦИОННАЯ ЛЕГИРОВАННАЯ СТАЛЬ,STEEL GRADE,3,1,"Сталь, используемая для конструкций, обладающая повышенными прочностными характеристиками"
ТЕРМОМЕХАНИЧЕСКОЕ УПРОЧНЕНИЕ,PROCESS,1,1,"Процесс, характеризующийся модификацией металлических свойств с помощью температуры и механического воздействия"
ГРУББЛЕХ,MATERIAL,1,1,"Материал, производимый с использованием высокопрочной судостроительной стали, обладающий высокой прочностью"
ПРОЦЕСС УПРОЧНЕНИЯ,PROCESS,1,1,"Процесс, который включает в себя повышенную прочность материалов через специально контролируемое воздействие температуры и механического давления"
ПРОКАТКА,PROCESS,1,1,"Процесс, в ходе которого листы стали проходят через стадию формирования для улучшения их структурных характеристик"
CONTROLLED ROLLING,PROCESS,52,14,"Controlled Rolling is a specialized metallurgical and manufacturing process aimed at refining the microstructure of steel to enhance its mechanical properties, including strength and toughness. This process involves the controlled deformation of steel at specific temperatures to optimize its characteristics and performance. 

Through precise management of deformation parameters and temperature during the rolling process, Controlled Rolling achieves a finer alpha-grain structure in steel. By manipulating these conditions, the method enhances the formation of deformation bands and improves ferrite-nucleation potential, contributing to desirable mechanical attributes.

Controlled Rolling plays a crucial role in producing steel with better performance in its hot-rolled condition, allowing for the development of materials that meet stringent requirements in various applications. The systematic approach taken in this process ensures that each aspect of rolling—temperature, strain, and reduction ratio—is carefully controlled, contributing to significant improvements in the mechanical properties of the final product.

As a thermomechanical technique, Controlled Rolling effectively combines thermal and mechanical forces, utilizing elevated temperatures during deformation. This enables the steel to achieve not only refined grain sizes but also superior strength and toughness compared to traditional rolling methods.

Overall, Controlled Rolling is an essential process in modern steel manufacturing, characterized by its ability to enhance the mechanical properties of steel through advanced temperature and deformation controls, resulting in improved performance and durability."
T. TANAKA,PERSON,8,3,"Dr. T. Tanaka is a distinguished researcher affiliated with the Mizushima Laboratory at the Research Laboratories of Kawasaki Steel Corporation. With a focus on the metallurgical field, Dr. Tanaka has made significant contributions to the understanding of the controlled rolling of steel, a crucial process that enhances the mechanical properties of steel materials.

Throughout their career, Dr. Tanaka has participated as a collaborator on multiple research papers examining the hot deformation of steels and the effects of microalloying. This collaboration has solidified Dr. Tanaka's reputation in the field of steel research, particularly in studying processes that improve the quality and performance of steel products. The work often highlights innovative techniques and theoretical insights into the behavior of different steel alloys under varying conditions.

Dr. Tanaka’s publications in metallurgical journals further emphasize their expertise and dedication to advancing knowledge in steel processing techniques. Their research not only contributes to theoretical frameworks but also offers practical implications for industry applications in steel manufacturing.

Overall, T. Tanaka represents a significant asset to the research community at Kawasaki Steel Corporation, fostering advancements in metallurgical science through collaboration and innovative experimentation in the field of controlled rolling and hot deformation of steels."
STEEL,MATERIAL,9,6,"Steel is a strong and durable material primarily composed of iron and carbon, making it one of the most widely used alloys in various structural and manufacturing applications. Its versatility is enhanced by the addition of other elements, such as niobium (Nb), which contribute to its mechanical properties, improving strength, ductility, and overall performance. 

Steel’s robust characteristics enable it to excel in a variety of contexts, particularly in construction where it is utilized for frameworks, reinforcements, and other structural components. Moreover, its use extends to manufacturing processes, where it is employed in producing a vast range of products. 

The unique combination of iron and carbon forms a composite that exhibits exceptional strength and durability, allowing it to withstand significant stresses and strains. The alloy is not only known for its mechanical prowess but also its ability to be produced in various forms and grades, tailored to meet specific requirements for different applications. 

Overall, steel represents a foundational material in modern industry and construction, appreciated for its reliability, economical viability, and extensive adaptability across numerous sectors."
FERRITE,PHASE,5,6,"Ferrite is a body-centered cubic phase of iron and steel, recognized for its soft and ductile characteristics. This phase is typically present in low-carbon steels, playing a crucial role in enhancing the mechanical properties of these alloys. Ferrite is more stable at lower temperatures compared to its counterpart, austenite, and it generally forms during the cooling process of austenite.

In the context of steel’s composition, ferrite significantly contributes to the material's strength and ductility. The body-centered cubic structure of ferrite facilitates these attributes, allowing steel to maintain toughness while providing a degree of malleability. This phase is an essential component in steel manufacturing, particularly in processes aimed at achieving desirable mechanical performance.

Ferrite exhibits properties that make it ideal for various applications, particularly in low-carbon steel, where its soft and ductile nature is beneficial for forming processes. As a result, the presence of ferrite within steel allows it to be shaped and welded, enhancing its usability in structural and manufacturing contexts.

Overall, ferrite's role in steel is pivotal, as it not only stabilizes the alloy’s structure at lower temperatures but also directly influences the ductility and toughness essential for diverse engineering applications."
AUSTENITE,PHASE,10,9,"Austenite is a high-temperature phase of steel, recognized for its face-centered cubic (FCC) crystal structure. This phase is stable at elevated temperatures and plays a significant role during various heat treatments and material processing. As a key structural state, austenite undergoes transformations upon cooling, which can lead to the formation of other microstructures such as ferrite or bainite. 

The stability of austenite at high temperatures is crucial for understanding various mechanical properties of steel, including its ductility and toughness. During thermal processing, the transformation of austenite is essential for engineering the properties of steel, as it influences processes like recrystallization and overall material deformation. 

In summary, austenite's face-centered cubic structure is not only a defining characteristic but also integral to the thermal dynamics of iron and steel, influencing their microstructural evolution and consequently impacting the material properties needed in engineering applications."
GRAIN STRUCTURE,MICROSTRUCTURE,3,1,"Grain structure refers to the arrangement and size of crystal grains in a metal, which significantly affects its mechanical properties."
MECHANICAL PROPERTIES,MECHANICAL PROPERTY,10,3,"Mechanical properties refer to the physical attributes of materials that determine their behavior under applied forces. These properties include key characteristics such as strength, toughness, ductility, and hardness. Strength is the ability of a material to withstand an applied load without failure, while toughness measures a material's capacity to absorb energy and deform plastically before fracturing. Ductility indicates how much a material can deform under tensile stress, representing its ability to stretch or elongate. Hardness, another critical mechanical property, describes a material's resistance to deformation, particularly under compressive loads.

In essence, mechanical properties encompass how materials respond to various forces and loads, making them crucial for applications in engineering and construction. Understanding these properties is essential for selecting appropriate materials for specific functions to ensure structural integrity and optimal performance."
NOTCH TOUGHNESS,MECHANICAL PROPERTY,4,2,"Notch toughness is a vital mechanical property that quantifies a material's ability to endure stress concentrations and impact loading without experiencing breakage. This characteristic is crucial in engineering and materials science, as it reflects how well a material can resist failure when subjected to forces that could create flaws or weaknesses. The measurement of notch toughness is essential for assessing the durability and performance of materials in various applications, where they may face significant stress and potential impact."
NIOBIUM,ALLOYING ELEMENT,6,3,"Niobium (Nb) is a valuable alloying element widely recognized for its significant role in the steel industry, particularly in enhancing the properties of steel. It is known primarily for its ability to effectively retard recrystallization, especially in the non-recrystallization region, which is crucial for maintaining the desired microstructural features of steel. This function aids in achieving improved material strength during processing.

One of the vital benefits of adding niobium to steel is the enhancement of both strength and toughness. The addition facilitates precipitation hardening, a process that significantly strengthens the steel matrix by promoting the formation of fine, stable precipitates within the microstructure. This mechanism helps in developing steel grades that are not only stronger but also exhibit better toughness, enabling them to withstand various mechanical stresses and environmental conditions.

However, it is important to note that while niobium can considerably improve the strength of steel, improper control of its content can lead to adverse effects, potentially compromising the toughness of the material. Therefore, precise management of niobium levels is essential in steel production to optimize its benefits while mitigating any negative impacts.

Overall, niobium plays a critical role as an alloying element, contributing to the strength and toughness of steel through mechanisms of solid solution strengthening and precipitation hardening, thereby making it an essential component in the manufacture of high-performance steel alloys."
HIGH TEMPERATURE,PROCESS PARAMETER,1,1,High temperature is a critical factor in the controlled rolling process affecting the recrystallization and microstructural development.
LOW FINISHING TEMPERATURE,PROCESS PARAMETER,2,2,"The term ""LOW FINISHING TEMPERATURE"" refers to a technique in steel manufacturing that involves reducing the final rolling temperature during the production process. This method is utilized to improve the mechanical properties of the steel, specifically enhancing its toughness. By employing a low finishing temperature, manufacturers can refine the microstructure of the steel. This refinement leads to an increase in mechanical strength and overall performance, making the processed steel more resilient and durable for various applications. Overall, the low finishing temperature technique contributes significantly to the quality and reliability of steel products."
DEFORMATION,PHENOMENON,11,1,"Deformation refers to the alteration of the shape and size of steel as it undergoes controlled rolling, influencing its final properties."
CHARPY SPECIMENS,EQUIPMENT,2,2,"Charpy specimens are standardized test pieces employed in materials testing to evaluate their toughness, particularly focusing on the impact energy absorbed during fracture. These specimens play a crucial role in assessing the notch toughness of materials, which is vital for determining their susceptibility to brittle fracture. By subjecting Charpy specimens to controlled impact tests, engineers and materials scientists can obtain quantitative data that helps in understanding how different materials will perform under stress, thus guiding the selection of materials for various applications. Overall, Charpy specimens serve as an essential tool in ensuring the reliability and safety of materials used in engineering and construction."
MICROSTRUCTURAL CHANGES,PHENOMENON,0,1,"Microstructural changes refer to the transformations occurring at the microscopic level in steel during various processing stages, significantly affecting its mechanical properties."
DUCTILE-TO-BRITTLE TRANSITION TEMPERATURE,PROCESS PARAMETER,1,2,"The ductile-to-brittle transition temperature is a critical thermal parameter that plays a significant role in materials science, particularly in evaluating the performance of metals and alloys under varying temperature conditions. This temperature serves as a threshold, indicating the specific temperature range within which a material transitions from ductile behavior, characterized by the ability to deform plastically, to brittle behavior, where it exhibits brittle fracture.

When the temperature falls below the ductile-to-brittle transition temperature, materials, particularly steels, are prone to sudden and catastrophic failure without significant prior deformation. This transition is especially relevant in cold conditions where the ductility of steel can be drastically reduced. Understanding and determining this temperature is essential for predicting how materials will behave under different environmental conditions, thus influencing engineering and design decisions in various applications, particularly in construction and aerospace industries.

Overall, the ductile-to-brittle transition temperature is a crucial factor that affects the integrity and reliability of materials subjected to low temperatures. Proper knowledge of this parameter ensures that engineers can select suitable materials that will maintain their mechanical integrity and performance under expected operating conditions."
RECRYSTALLIZATION,PHENOMENON,20,2,"Recrystallization is a significant phenomenon that occurs in metals, particularly steel, where deformed grains are replaced by a new set of unstrained grains. This process typically happens during heating or mechanical working of the material. The transformation of deformed grains to strain-free grains plays a critical role in altering the material's properties, including its strength, ductility, and overall performance.

In essence, recrystallization serves as a method of rejuvenating the metal structure, helping to relieve internal stresses that have built up during prior processing. By allowing new grains to form, the physical characteristics of the metal can be positively influenced, leading to improved mechanical properties. This makes recrystallization an essential concept in metallurgy, particularly in the context of processing techniques and heat treatments that aim to optimize the quality of metal products.

Overall, recrystallization is vital for understanding and manipulating the properties of metals, enabling advancements in various industrial applications where metal performance is critical."
GBS CASTING,PROCESS,0,1,GBS (Grain Boundary Strengthening) casting is a method applied in steel production to enhance the mechanical strength by controlling the grain boundaries.
MILD STEEL,STEEL GRADE,0,1,"Mild steel is a low-carbon steel that is versatile and widely used for a variety of applications due to its balance of strength, ductility, and malleability."
WELDABILITY,MECHANICAL PROPERTY,0,1,"Weldability refers to the capacity of a material to be welded, which is crucial for ensuring the integrity and performance of steel structures after fabrication."
AL KILLING,PROCESS,0,1,"Al killing is a process used in steel production to eliminate sulfur and improve ductility, often leading to enhanced toughness in the final product."
NORMALLY,PROCESS PARAMETER,0,1,Normally refers to conventional processing conditions applied in steel production that can influence the outcome of mechanical properties.
TEMPERATURE,PROCESS PARAMETER,2,3,"Temperature is a crucial parameter in materials science that significantly influences various processes and characteristics of materials. It plays an essential role in the kinetics of recrystallization and precipitation processes, which are fundamental to the manipulation and enhancement of material properties. Specifically, temperature affects phase transformations and the mechanical properties of steel, particularly during operations like rolling and heating, where precise control of temperature is necessary to achieve desired material attributes.

Moreover, temperature is vital in regulating the recrystallization and grain growth processes in metals and alloys. These processes are critical for determining the final structure and performance of the material. The control of temperature during these stages can lead to improved mechanical properties, such as strength and ductility, thereby enhancing the overall reliability and functionality of metallic components in various applications. 

In summary, temperature is an integral factor in the evolution of materials, influencing both their physical transformations and mechanical behaviors, and it is particularly important in the context of metals and alloys during processes like recrystallization, grain growth, and shaping through rolling and heating."
ROLLING PASSES,PROCESS,0,1,"Rolling passes are the repeated processes of reducing the thickness or altering the shape of steel during manufacturing, critical for achieving desired properties."
OXIDE,PHASE,0,1,"Oxide is a phase that can form on the surface of steel during processing, affecting its overall mechanical behavior and performance."
DEFORMATION BANDS,PHENOMENON,3,3,"Deformation bands are structural features that emerge during the plastic deformation of materials. These bands play a significant role in influencing the nucleation of new phases as materials undergo cooling processes. Their formation occurs under various mechanical processes, including rolling, where they affect the microstructural properties and overall mechanical performance of the material.

Specifically in materials like steel, deformation bands contribute to mechanical properties by separating adjacent grains or subgrains, which can lead to changes in strength and ductility. This ability to alter microstructural conditions highlights the importance of deformation bands in materials science, as they significantly impact the performance characteristics of metals subjected to mechanical stress.

Overall, deformation bands serve as critical elements that shape the structural integrity and properties of materials, particularly during and after processes of plastic deformation."
NB,ALLOYING ELEMENT,2,2,"Niobium, commonly abbreviated as Nb, is a key alloying element utilized primarily in steel production. It plays a significant role in enhancing the mechanical properties of steel, particularly in terms of strength and toughness. When Nb is added to steel, it promotes precipitation hardening through the formation of fine niobium carbonitride (Nb(C, N)) particles, which contribute to improved performance characteristics.

Additionally, niobium serves as a microalloying element, particularly effective in controlled-rolled steel processes. Its inclusion aids in grain refinement, further enhancing the material’s overall strength and toughness. The microstructural changes induced by Nb, along with its precipitation hardening effects, result in steel that exhibits superior mechanical properties compared to conventional alloys without niobium.

In summary, Nb is an essential component in steel metallurgy, where it significantly contributes to the enhancement of strength and toughness through mechanisms such as grain refinement and precipitation hardening."
Γ-GRAIN STRUCTURE,MICROSTRUCTURE,2,1,"The γ-grain structure, also known as austenite, is a high-temperature phase of steel that contributes to its ductility and workability before transformation to α-grains."
Α-MATRIX,PHASE,1,1,The α-matrix is the ferritic phase of steel that forms upon cooling from the austenitic phase and affects strength and toughness.
BISRA GROUP,ORGANIZATION,1,1,The BISRA group is a research organization that conducted studies on controlled rolling technology in the 1960s to improve steel manufacturing processes.
HALL-PETCH RELATION,PHENOMENON,2,2,"The Hall-Petch relation is a fundamental principle in materials science that describes the relationship between grain size and yield strength in polycrystalline materials. According to this relation, as the grain size decreases, the yield strength of the material increases. This phenomenon occurs because smaller grains provide more grain boundaries, which act as barriers to dislocation motion—a primary mechanism of plastic deformation in metals. Thus, when the dimensions of the grains are reduced, the material exhibits greater resistance to deformation, resulting in higher yield strength. The Hall-Petch relation highlights the pivotal role of microstructural characteristics in determining the mechanical properties of materials, making it a crucial concept for engineers and scientists working to develop stronger and more resilient materials for various applications."
COARSE Γ,MICROSTRUCTURE,1,1,"Coarse γ refers to the larger grains of the austenite phase in steel, which can negatively affect toughness when transformed into a mixture of coarse α and bainite."
BAINITE,PHASE,5,2,"Bainite is a microstructural phase that forms in steel during the cooling process, significantly influencing its mechanical properties and toughness. This unique microstructure consists of both ferrite and cementite, contributing to its beneficial characteristics. The formation of bainite occurs at specific temperatures, typically between those required for the formation of pearlite and martensite, enabling it to exhibit a fine, needle-like structure that enhances the strength and ductility of the steel. This microstructural phase plays a crucial role in various applications where the mechanical integrity of materials is essential. Overall, bainite is recognized for its ability to improve the performance of steel, striking a balance between strength and toughness, making it a valuable microstructure in the field of materials science and engineering."
C—MN—NB FINE-GRAINED STEEL,STEEL GRADE,2,1,"C—Mn—Nb fine-grained steel is a steel alloy that includes carbon, manganese, and niobium, designed to have improved mechanical properties and toughness."
ALPHA,PHASE,8,2,"ALPHA refers to a specific phase in steel known as alpha (α) phase, which emerges during the transformation from austenite under particular conditions of deformation and cooling. This alpha phase is characterized by a fine-grained microstructure that results from processes such as recrystallization and deformation. The transition from austenite to alpha (α) is crucial in determining the mechanical properties of steel, as the nature of this transformation impacts the final composition and microstructure of the material.

In summary, the alpha (α) phase plays a significant role in steel metallurgy, fundamentally influencing the material properties during transformation processes from austenite."
GAMMA,PHASE,4,2,"Gamma (γ) is a crucial phase in steel characterized by its austenitic structure, which exists at elevated temperatures. This phase plays a significant role in the properties and behavior of steel as it undergoes various thermal and deformation processes. Upon cooling, gamma typically transforms into the alpha (α) phase, which alters the material's microstructure. 

The ability of gamma to undergo recrystallization and transformation to alpha is essential in determining the final characteristics of the steel. This transformation process can influence factors such as hardness, tensile strength, and overall durability of the material. Understanding the behavior of the gamma phase is therefore critical in metallurgy and material science, particularly in applications requiring specific mechanical properties and performance under varying temperature conditions.

In summary, gamma (γ) serves as a high-temperature austenitic phase in steel, which is subject to transformation into the alpha phase during cooling. Its properties and the transformations it undergoes are vital for influencing the final microstructure and performance of steel products in various applications."
UPPER BAINITE,PHASE,2,1,"Upper bainite is a microstructural feature in steel that can form during specific cooling rates and transformations, typically characterized by its coarse structure when produced less effectively during metalworking."
RECRYSTALIZATION,PROCESS,1,1,"Recrystallization is a process that involves the formation of a new microstructure in metals through grain growth and the elimination of defects, typically utilized in the thermal treatment of steel to achieve finer grain structures."
FINER GRAIN STRUCTURE,MECHANICAL PROPERTY,4,1,"Finer grain structure is a beneficial mechanical property in metals that improves strength and toughness, commonly achieved through specific thermal and deformation processes."
MIXED GRAIN STRUCTURE,MICROSTRUCTURE,4,3,"The term ""Mixed Grain Structure"" refers to a material characteristic that encompasses a variety of grain sizes and types, significantly influencing the mechanical properties of the material. This structure often arises from processes like incomplete recrystallization or mixed processing conditions, which can lead to a combination of fine and coarse alpha-grains, particularly in steel. A mixed grain structure is typically observed in controlled rolling processes, where both fine and coarse grains coexist. 

The presence of different grain types within a material is crucial, as it affects essential mechanical properties such as toughness and ductility. The variation in grain sizes and types contributes to the overall performance of the material under different loading conditions, making it vital in applications where both strength and flexibility are required. Thus, the mixed grain structure serves as an important factor in materials science, particularly in metallurgy, where understanding and manipulating grain structures can optimize the performance characteristics of steel and other alloys."
WARM-WORKED,MICROSTRUCTURE,1,1,"Warm-worked refers to a microstructure and processing technique where steel is deformed at temperatures below the recrystallization temperature, influencing its structural properties and grain size."
FERITE-PEARLITE,MICROSTRUCTURE,1,1,"Ferrite-pearlite is a microstructure in steel that forms during cooling after austenitization, characterized by alternating layers of ferrite and pearlite contributing to overall strength."
TOTAL REDUCTION,PROCESS PARAMETER,1,1,"Total reduction is a key parameter in metalworking processes that quantifies the extent of deformation the material undergoes, affecting its final grain structure and properties."
TRANSITION TEMPERATURE,PHENOMENON,5,1,"Transition temperature refers to the temperature at which transformations occur in steel, affecting its properties and microstructure during processing."
DEFORMATION BAND,PHENOMENON,5,1,"Deformation bands are structures that form in steel during deformation, influencing nucleation sites for phase transformations."
RECRYSTALLIZATION REGION,PHASE,4,4,"The ""recrystallization region"" refers to a specific temperature range in which new grains form in a material as a result of heating and deformation. This region is essential in various material processes, particularly in the field of metallurgy. Within the recrystallization region, materials, especially metals such as steel, undergo dynamic recrystallization during deformation. This process leads to significant changes in the microstructure of the material, impacting its properties.

During the recrystallization region, previously deformed grains can reform into new grains. This transformation is crucial for determining the ultimate grain size, which in turn affects the mechanical properties of the material, including strength, ductility, and toughness. The recrystallization region is therefore a critical phase in processing metals and influences the overall behavior and performance of the material under stress.

In summary, the recrystallization region can be defined as the area involved in the recrystallization process of grains during material deformation, playing a pivotal role in the microstructural evolution and property enhancement of metals."
MEDIUM HARDENABILITY,MECHANICAL PROPERTY,1,1,"Medium hardenability refers to the capacity of steel to harden when cooled, which can be influenced by its microstructure and processing."
SUBGRAIN HARDENING,PROCESS PARAMETER,4,1,"Subgrain hardening is a mechanism through which dislocations within the microstructure create barriers to further deformation, enhancing strength."
TANAKA,PERSON,7,3,"T. Tanaka is a prominent researcher specializing in the structure and properties of dual-phase steels, significantly contributing to the understanding of these materials through various studies. Tanaka's work encompasses the controlled rolling of steel processes, wherein he has examined the effects of rolling techniques on the mechanical properties of steel. 

A noteworthy aspect of Tanaka's research involves the formulation of a framework describing the three stages of the controlled-rolling process. This framework aids in elucidating the relationship between rolling parameters and the resulting microstructure of steel, thereby giving insight into how these processes affect the overall quality and performance of steel products. Tanaka's investigations into texture effects contribute further to the field, highlighting how different processing conditions can manipulate material characteristics, enhancing the utility of dual-phase steels in practical applications."
CLASSIC HOT ROLLING,PROCESS,1,1,"Classic hot rolling is a traditional process in which steel is rolled at high temperatures, affecting the grain structure and material properties."
BAINITIC STRUCTURE,MICROSTRUCTURE,1,2,"The ""Bainitic structure"" in steel refers to a specific microstructural arrangement that significantly influences the mechanical properties of the material. This structure is characterized by a unique combination of ferrite and cementite, which contributes to enhanced toughness. However, the formation of bainitic structure is highly dependent on the cooling rates during the steel's production process. 

When steel is cooled at appropriate rates, it allows for the development of the bainitic microstructure. This microstructure comprises various morphologies that can affect the material's overall performance, particularly its toughness and strength. If the cooling process is not properly controlled, the resulting bainitic structure can lead to negative impacts on these mechanical properties. Thus, while bainitic structures are known for their toughness, achieving the desired balance of toughness and strength requires meticulous control over the rolling and cooling processes during the steel fabrication.

In summary, the bainitic structure in steel plays a crucial role in determining its mechanical properties, primarily due to its distinct arrangement of ferrite and cementite. Understanding the influences of cooling rates and rolling processes is essential to optimize these properties for various applications."
EQUIAXED GRAINS,MICROSTRUCTURE,1,1,"Equiaxed grains refer to grains that are approximately the same size in all directions, contributing to better material properties in steel."
MICROSTRUCTURAL CHANGE,PHENOMENON,1,1,"Microstructural change occurs during processes like controlled rolling and deformation, affecting the properties of materials."
HARDENABILITY,MECHANICAL PROPERTY,2,1,"Hardenability describes the ability of steel to harden in response to cooling, which is affected by its microstructure."
FLOW STRESS,MECHANICAL PROPERTY,2,1,"Flow stress is the stress required to maintain plastic deformation in steel during processing, influencing the deformation behavior."
SUBSTRUCTURE,MICROSTRUCTURE,1,1,Substructure refers to the arrangement of dislocations and defects within a material's grains that influence overall strength and properties.
STRESS-STRAIN CURVE,PHENOMENON,0,1,"A graphical representation showing the relationship between stress and strain during deformation of materials, highlighting different softening mechanisms and dynamic recovery processes."
SOFTENING MECHANISMS,PHENOMENON,0,1,"Mechanisms that contribute to the reduction of flow stress in materials during deformation, including dynamic recovery and recrystallization."
DYNAMIC RECOVERY,PROCESS,3,1,"A process occurring during deformation of metals where dislocations are rearranged and recrystallized at high temperatures, leading to the reduction of internal stress."
DYNAMIC RECRYSTALLIZATION,PROCESS,3,1,"A process that occurs when metals are deformed at high temperatures where new, strain-free grains form during deformation, influencing flow stress."
STATIC RESTORATION,PROCESS,1,1,"Processes that occur after deformation at elevated temperatures, including static recovery, static recrystallization, and metadynamic recrystallization to restore the material's microstructure."
ZENER–HOLLIMON PARAMETER,PROCESS PARAMETER,1,1,"A parameter that relates the strain rate and temperature during hot deformation of metals, used in studies of recrystallization and grain size development."
GRAIN SIZE,MICROSTRUCTURE,12,3,"Grain size is a crucial factor that significantly impacts the mechanical behavior of materials, especially in relation to their strength and ductility. It refers to the dimensions of the individual crystalline grains within a material, which play a vital role in determining various mechanical properties. Specifically, smaller or finer grain sizes tend to enhance both the strength and toughness of metals and alloys.

The relationship between grain size and mechanical properties is complex; generally, finer grains result in improved strength due to the increased grain boundary area, which can hinder dislocation movement. As a result, materials with smaller grain sizes typically exhibit higher resilience under stress and deformation. Conversely, larger grains can lead to decreased strength and ductility in materials, making the control of grain size an important consideration in material science and engineering.

Understanding and manipulating grain size is essential for achieving desired material characteristics and optimizing performance in various applications. Consequently, research and development efforts often focus on processes that can refine grain size to improve the mechanical properties of materials, particularly in industries where strength and ductility are critical."
NIOBIUM STEEL,STEEL GRADE,3,3,"Niobium steel is a specialized type of steel that is alloyed with niobium, a transition metal that plays a significant role in enhancing the material's overall properties. The inclusion of niobium in the steel alloy contributes to increased strength and structural integrity, particularly during the hot rolling process—a critical phase in steel manufacturing that influences the final properties of the product.

The incorporation of niobium results in improved microstructural characteristics of the steel. It does this through strain-induced precipitation, which leads to the formation of fine, homogeneous niobium carbide particles within the steel matrix. These particles help to refine the grain structure of the steel, resulting in higher strength and enhanced toughness compared to conventional steel alloys that do not contain niobium.

Niobium steel is especially valued in applications where high strength and durability are essential, making it suitable for various industries, including construction, automotive, and aerospace. Its enhanced properties allow it to perform effectively under challenging conditions while maintaining lighter weights compared to other heavier steel grades.

Overall, niobium steel represents a significant advancement in steel technology, combining the benefits of niobium alloying with the foundational characteristics of steel to provide a robust solution for demanding engineering requirements."
STATIC RECRYSTALLIZATION,PROCESS,3,2,"Static recrystallization is a metallurgical process characterized by the nucleation and growth of new grains during recovery, which occurs at lower temperatures following a deformation process. This phenomenon is particularly relevant to metals, as it facilitates the internal structure changes that can occur while the material is at rest without any additional deformation being applied. Through static recrystallization, the material can improve its properties by eliminating the effects of previous work hardening, leading to a finer grain structure and enhanced mechanical properties."
HIGH TEMPERATURES,PROCESS PARAMETER,1,1,"Values of temperature elevated significantly, affecting the behavior of materials during deformation processes such as recrystallization and recovery."
PEAK STRESS,MECHANICAL PROPERTY,1,1,The maximum stress that a material can withstand during deformation before it begins to soften or fail.
STATIC RECOVERY,PROCESS,0,1,A process that occurs at lower temperatures after deformation where dislocations rearrange and reduce internal energy without forming new grains.
METADYNAMIC RECRYSTALLIZATION,PROCESS,1,1,A process occurring after dynamic recrystallization where new grain structures form during a holding period at temperature.
INITIAL GRAIN SIZE,MICROSTRUCTURE,1,1,"The size of the grains in a material before undergoing deformation, which significantly impacts the outcome of recrystallization."
PLAIN C STEEL,STEEL GRADE,1,1,Plain C steel is a type of steel known for its properties under static recrystallization and is used in various applications due to its structural integrity.
NB STEEL,STEEL GRADE,2,2,"NB STEEL is a specialized type of steel that is alloyed with niobium, which significantly enhances its mechanical properties. This unique steel is recognized for its remarkable strength and toughness, particularly after undergoing deformation processes. These characteristics make NB STEEL highly valuable in various applications requiring both durability and resilience.

In addition to its strength and toughness, NB STEEL is known for its resistance to recrystallization when subjected to specific parameters. This property allows it to maintain its structural integrity under high-stress conditions, making it a preferred material in industries where performance is critical. By incorporating niobium as an alloying element, the steel benefits from improved performance attributes that are essential for high-quality manufacturing.

Overall, NB STEEL stands out in the metallurgical industry for its enhanced mechanical properties, making it a key material in demanding applications."
ALPHA GRAIN,PHASE,1,1,Alpha grain refers to a specific microstructural phase in steel that can influence its mechanical properties such as toughness and ductility.
ROLLING,PROCESS,2,1,"Rolling is a metal forming process wherein metal is passed through rolls to reduce thickness, improve surface finish, and achieve desired mechanical properties."
DEFORMATION TEMPERATURE,PROCESS PARAMETER,3,1,Deformation temperature is a crucial parameter that affects the recrystallization behavior and mechanical properties of metals during processes like rolling.
CRITICAL AMOUNT OF DEFORMATION,PROCESS PARAMETER,1,1,The critical amount of deformation refers to the minimum strain required to initiate recrystallization during metal processing.
GRAIN-BOUNDARY MIGRATION,PHENOMENON,1,1,"Grain-boundary migration is a phenomenon that describes the movement of grain boundaries due to various driving forces in materials science, crucial for understanding recrystallization."
PARTIAL RECRYSTALLIZATION REGION,PHASE,1,1,"The partial recrystallization region is a phase where some grains have recrystallized while others have not, affecting the overall material characteristics."
UNIQUENESS OF GRAIN STRUCTURE,MECHANICAL PROPERTY,1,1,Uniqueness of grain structure pertains to the distinct lattice arrangements within metal grains that significantly affect performance metrics.
C STEEL,STEEL GRADE,1,1,Plain C steel is a type of steel used in various applications but exhibits sluggish recrystallization at low temperatures in the gamma region.
LOW-TEMPERATURE TOUGHNESS,MECHANICAL PROPERTY,2,2,"Low-temperature toughness is an essential mechanical property of materials that signifies their ability to absorb energy and undergo plastic deformation when subjected to low temperatures. This property is critical in determining the performance and reliability of materials in cold environments, where they are subjected to various stress conditions. Low-temperature toughness indicates how well a material can resist fracture under these conditions, making it a vital consideration in applications such as construction, manufacturing, and engineering. Understanding and measuring low-temperature toughness help engineers select appropriate materials for specific applications, particularly those exposed to severe cold or fluctuating temperature conditions."
HOLDING TIME,PROCESS PARAMETER,1,1,Holding time in the context of heat treatment affects the grain size and properties of steel during processes like recrystallization.
SOLUTE NB,ALLOYING ELEMENT,1,1,Solute Nb influences the incubation time for the start of recrystallization and affects the delayed recrystallization process when alloyed with steel.
"FINE NB(C,N)",PHASE,1,1,"Fine Nb(C,N) precipitates that occur during the deformation process, notably influencing the kinetics of recrystallization in Nb-modified steel."
TIME CONSTANT,PROCESS PARAMETER,1,1,The time constant is a parameter in Avrami's law that describes the time required for a fraction of a material to undergo recrystallization.
GRAIN REFINEMENT,PROCESS,8,4,"Grain refinement is a fundamental process primarily aimed at reducing the size of grains within the microstructure of materials, particularly steel. This strategic reduction of grain size is significant as it enhances the mechanical properties of the final product. 

The primary objective of grain refinement is to produce finer grains that can substantially improve a material's strength, toughness, and ductility. By minimizing grain size, the process contributes to superior mechanical characteristics, as smaller grains can impede dislocation movement, leading to greater resistance to deformation.

In summary, grain refinement plays a crucial role in the metallurgical landscape, particularly in steel production, by effectively reducing grain size to bolster mechanical performance. This enhancement is essential for various applications where superior material properties are critical."
AVRAMI'S LAW,PHENOMENON,1,1,"Avrami's Law mathematically describes the fraction of material that has undergone a transformation over time, often used in phase transitions such as recrystallization."
OHMORI,PERSON,1,1,Ohmori is a researcher who suggested the retarding effect due to fine precipitation in the context of recrystallization and deformation.
WATANABE ET AL.,PERSON,0,1,"Watanabe et al. conducted studies observing the progress of precipitation of Nb(C,N) during hot deformation processes."
LE BON ET AL.,PERSON,1,1,Le Bon et al. provided insights into the recrystallization kinetics of Nb-modified steel and contributed to the understanding of precipitation processes.
DENSITY,PHENOMENON,1,1,"Density is a physical property that is affected by the temperature during deformation processes, particularly in the non-recrystallization region."
NON-RECRYSTALLIZATION REGION,PHASE,5,5,"The ""non-recrystallization region"" in the steel rolling process refers to a specific temperature range where the steel material undergoes deformation without undergoing recrystallization. This region significantly influences the final microstructure and mechanical properties of the steel being processed. During this phase of deformation, the absence of recrystallization indicates a limitation to the grain refinement that can be achieved. The non-recrystallization region is critical because it determines how the steel will behave under stress and affects its overall material characteristics.

In essence, the non-recrystallization region plays a pivotal role in defining the mechanical properties of steel. When steel is deformed within this temperature range, the material retains its microstructural characteristics from the previous processing stages without the formation of new grains. This lack of recrystallization can lead to a variety of outcomes in the material's performance, as the steel may exhibit enhanced hardness or strength but reduced ductility compared to fully recrystallized materials.

Understanding the non-recrystallization region is essential for metallurgists and engineers, as it helps in predicting the behavior of steel during processing and in tailoring the material properties to meet specific requirements for various applications. The effective management of temperature and deformation conditions within this region is crucial for optimizing the quality of the final product."
GRAIN-BOUNDARY AREA,MECHANICAL PROPERTY,1,1,"Grain-boundary area refers to the total surface area at the boundary between grains, which can affect material strength and behavior under deformation."
GAMMA-GRAIN,MICROSTRUCTURE,3,1,"Gamma-grains are a specific type of microstructural feature that plays a critical role in the mechanical properties of steel, especially when affected by deformation."
ALPHA-GRAIN,MICROSTRUCTURE,2,1,"Alpha-grains refer to the ferritic structure that forms during the transformation of austenite, affecting the material's overall mechanical properties."
ASTM GRAIN-SIZE NUMBER,PROCESS PARAMETER,1,1,"ASTM grain-size number is a quantitative measure that indicates the average size of grains in a material, significant for assessing material properties."
ROLLED MATERIAL,MATERIAL,1,1,"Rolled material refers to metal that has been shaped and altered through the rolling process, often affecting its microstructural properties."
TRANSFORMATION RATE,PROCESS PARAMETER,1,1,"Transformation rate is the speed at which the phase change occurs in materials during processing, significantly affecting overall material attributes."
NUCLEATION RATE,PROCESS PARAMETER,2,1,"Nucleation rate is the rate at which new grains form during the phase transformation, influencing microstructural evolution."
INTERFACE NUCLEATION GROWTH MECHANISM,PROCESS,1,1,The interface nucleation growth mechanism describes how new grain boundaries are formed and grow during phase transformations in materials.
TWO-PHASE REGION,PHASE,4,3,"The two-phase region is a critical temperature range in which two distinct phases, specifically austenite and ferrite, coexist within steel materials. This region significantly influences the mechanical properties and microstructure of the steel during various deformation processes. The presence of both phases in the two-phase region alters the behavior of the material, impacting its strength, ductility, and overall performance.

This simultaneous presence of austenite and ferrite creates unique structural conditions that are essential for optimizing the processing and performance of steel. As the temperature varies within this region, the proportions of the phases can change, which in turn affects the mechanical properties of the material. Understanding the two-phase region is vital for material scientists and engineers in order to control and improve the properties of steel during production and application.

In summary, the two-phase region is defined by the coexistence of austenite and ferrite phases at specific temperatures, influencing the mechanical characteristics and microstructure of steel during processing."
MICROSTRUCTURE,MICROSTRUCTURE,7,2,"Microstructure pertains to the small-scale structural characteristics of materials, particularly emphasizing its critical role in assessing the mechanical properties of alloys. This concept encompasses the microscopic arrangement and organization of various components within a material, influencing both its mechanical properties and its behavior during various processes. Understanding microstructure is essential for predicting how materials will perform under different conditions, making it a vital consideration in materials science and engineering. As such, microstructure serves as a key determinant of a material's overall performance and reliability."
YIELD STRENGTH,MECHANICAL PROPERTY,11,3,"Yield strength is defined as the stress level at which a material begins to undergo plastic deformation, transitioning from elastic behavior to permanent deformation. This property is crucial for evaluating the performance of materials, especially in structural applications. When the yield strength is reached, the material will no longer return to its original shape upon the removal of the applied stress, indicating that it has entered a state of permanent deformation. Thus, understanding yield strength is essential for assessing the structural integrity of materials, as it provides insight into how they will behave under various loads and stresses. Overall, yield strength is a key mechanical property that plays a vital role in material selection and engineering design."
TENSILE STRENGTH,MECHANICAL PROPERTY,2,2,"Tensile strength refers to the maximum amount of tensile (stretching) stress that a material can withstand before experiencing failure. This property is particularly significant in the context of steel alloys, where it serves as a critical measure of performance and durability. Understanding the tensile strength of materials is vital for engineers and designers, as it helps in selecting appropriate materials for various applications, ensuring that structures and components can endure the stresses they will face in use. Thus, tensile strength is an essential characteristic that influences the design and integrity of various structures and products made from steel and other materials."
ABSORBED ENERGY,MECHANICAL PROPERTY,1,1,"Absorbed energy is the energy a material can absorb before fracturing, often measured in impact tests."
EQUIAXED ALPHA GRAINS,MICROSTRUCTURE,1,1,"Equiaxed alpha grains refer to a specific grain structure that is roughly equal in all dimensions, which contributes to improved material properties."
POLYGONAL GRAINS,MICROSTRUCTURE,0,1,"Polygonal grains are grains that have many sides, often formed under certain deformation conditions, impacting the material's toughness."
SINGLE STRUCTURE,MICROSTRUCTURE,0,1,"A single structure refers to a uniform microstructure resulting from specific processing conditions, affecting the mechanical responses."
STAIN-INDUCED TRANSFORMATION,PHENOMENON,1,1,Strain-induced transformation is a phenomenon where the material undergoes a phase change due to applied mechanical strain.
AUSTENITE-FERRITE REGION,PHASE,1,1,The austenite-ferrite region refers to a specific temperature range in steels where both austenite and ferrite phases coexist and interact during processing.
"NB(C, N)",ALLOYING ELEMENT,1,1,"Nb(C, N) refers to niobium carbide and niobium nitride, which are precipitates that can improve the mechanical properties of steel."
HARD SUBGRAINS,MICROSTRUCTURE,0,1,Hard subgrains are finer grains formed during deformation that contribute to the overall strength of a material.
COLD-WORKED GRAINS,MICROSTRUCTURE,0,1,"Cold-worked grains refer to grains that have been deformed at low temperatures, resulting in increased dislocation density and altered mechanical properties."
STRAIN-INDUCED PRECIPITATION,PHENOMENON,1,2,"Strain-induced precipitation is a significant phenomenon in materials science that occurs when new phases develop within the microstructure of a material as a result of applied stress. This process typically takes place during deformation and involves the formation of precipitates, which are secondary phases that emerge within the matrix of the material. 

The formation of these precipitates plays a crucial role in enhancing the mechanical properties of the material. Specifically, they contribute to strength improvements by obstructing the movement of dislocations. Dislocations are defects within the crystal structure that facilitate plastic deformation; thus, by hindering their motion, strain-induced precipitation can effectively increase the hardness and strength of the material.

In summary, strain-induced precipitation represents a critical interaction between applied stress and material microstructure, leading to the emergence of new phases that enhance mechanical performance by obstructing dislocation motion. This intricate relationship underscores the importance of understanding microstructural changes in the development of stronger materials."
MATERIAL DEFORMATION,PROCESS,0,1,Material deformation refers to the changes in shape or size of a material when subjected to an external force.
LIMITING VALUE,PROCESS PARAMETER,1,1,Limiting value indicates the maximum extent of grain refinement achievable through deformation in specified conditions.
OPTICAL MICROSCOPIC SCALE,PROCESS PARAMETER,1,1,The optical microscopic scale refers to measurements and observations of microstructures that can be captured using optical microscopy techniques.
ELECTRON MICROSCOPIC SCALE,PROCESS PARAMETER,1,1,"Electron microscopic scale involves more detailed examinations of microstructures using electron microscopy, allowing for higher resolution insights.)(""relationship"""
DILATOMETRIC METHODS,PROCESS,1,1,"Dilatometric methods are used to measure changes in dimension of materials as a function of temperature, typically employed to study thermal expansion and phase transitions in metals and alloys."
STRAIN-INDUCED AR3 TEMPERATURE,PROCESS PARAMETER,2,1,"The strain-induced Ar3 temperature refers to the temperature at which austenite transforms into ferrite during the cooling process under deformation, which is critical in the heat treatment of steel."
MARTENSITE,MICROSTRUCTURE,5,2,"Martensite is a hard and brittle microstructure that forms in steel during the rapid cooling of austenite, a phase of iron and steel that is typically stable at high temperatures. This transformation occurs through a process known as quenching, where the temperature of the austenite is quickly lowered, leading to a significant increase in the material’s strength and hardness.

The formation of martensite is critical in metallurgy, particularly in the heat treatment of steel, as it enhances the mechanical properties of the material. The inherent brittleness of martensite, while it contributes to increased hardness, can also present challenges in applications where ductility is necessary. Nonetheless, the unique characteristics of martensite make it essential in various engineering applications where high strength and wear resistance are required. 

In summary, martensite is a vital microstructure achieved through rapid cooling of austenite, characterized by its high hardness and strength, yet accompanied by brittleness."
POLYGONAL FERRITE-PEARLITE,MICROSTRUCTURE,1,1,"Polygonal ferrite-pearlite is a microstructure found in steel consisting of alternating layers of ferrite and cementite, typically resulting in a balance of strength and ductility."
ACICULAR FERRITE,MICROSTRUCTURE,8,3,"Acicular ferrite is a specialized form of ferrite noted for its unique, fine, needle-like microstructure, which significantly improves the toughness and strength of steel, especially in applications involving welded structures. This microstructure is primarily formed during controlled rolling processes, where it develops at lower temperatures, thus contributing to the enhanced mechanical properties of steel.

Characteristically, acicular ferrite is composed of fine, non-equiaxed ferrite along with dispersed cementite and islands of martensite. This specific configuration enables the material to exhibit remarkable toughness and strength, making it highly desirable in the production of high-performance steel used across various industries. The unique arrangement of the microstructural components not only enhances the resistance to brittle fracture but also improves durability under stress, which is critical in structural applications. 

Overall, the presence of acicular ferrite is a key factor in advancing the performance qualities of steel, especially in environments that demand reliable mechanical integrity and resistance to deformation."
TEXTURE DEVELOPMENT,PHENOMENON,3,1,"Texture development refers to the evolution of crystallographic orientation in materials, significantly affecting their mechanical and physical properties during processing like rolling or forging."
TEXTURE INTENSITY,PROCESS PARAMETER,1,1,"Texture intensity quantifies the degree of preferred orientation of grains in a polycrystalline material, affecting its anisotropic mechanical properties."
YUTORI AND OGAWA,PERSON,1,1,Yutori and Ogawa are researchers who studied the effects of processing conditions on the microstructure and properties of controlled-rolled steels.
TANAKA AND TABATA,PERSON,1,1,Tanaka and Tabata are researchers who reported on the determination of Ar3 temperature in steels based on texture intensity measurements and controlled-rolling conditions.
TRANSFORMED MICROSTRUCTURE,MICROSTRUCTURE,1,1,"Transformed microstructure refers to the microstructural changes that occur during heating and cooling of steel, and is critical in determining the final mechanical properties of the material."
CRYSTALLOGRAPHIC TEXTURE,PHENOMENON,1,1,"Crystallographic texture describes the preferred orientation of grains in a polycrystalline material, which greatly influences its mechanical properties and response to processing."
HEAVY DEFORMATION,PROCESS,1,1,"Heavy deformation refers to significant plastic deformation applied to materials to improve their mechanical characteristics and to alter their microstructure, such as during processes like rolling or forging."
ROLLING DIRECTION (RD),PHENOMENON,1,1,"Rolling direction is the orientation of a material as it undergoes rolling processes, significantly affecting the texture and mechanical properties achieved in the final product."
NORMALIZED STEEL,STEEL GRADE,1,1,Normalized steel refers to steel that has been heat-treated to refine its microstructure to achieve a more uniform quality and improve its mechanical performance.
QUENCHED AND TEMPERED STEEL,STEEL GRADE,1,1,"Quenched and tempered steel is steel that has undergone hardening by quenching followed by tempering, enhancing its strength and toughness for various applications."
CONTROLLED-ROLLED STEEL,MATERIAL,17,2,"Controlled-rolled steel is a specialized type of steel characterized by its unique mechanical properties, which are significantly influenced by its rolling process. This type of steel is produced through specific rolling practices designed to enhance certain attributes, such as grain size and toughness. 

One important aspect of controlled-rolled steel is its anisotropic nature, meaning that its properties can vary depending on the direction of the applied force. This characteristic is crucial for applications where directional strength and durability are required. Additionally, controlled-rolled steel tends to exhibit embrittlement in specific directions, necessitating careful consideration during its use in engineering and manufacturing processes.

The careful management of the controlled rolling conditions leads to a refined microstructure within the steel, enhancing its overall performance and making it suitable for various demanding applications. Through controlled rolling, manufacturers can tailor the mechanical properties of the steel to meet specific requirements, making it a preferred choice for industries that require high-performance materials."
PLANE ANISOTROPY,MECHANICAL PROPERTY,3,2,"Plane anisotropy is a concept that denotes the directional dependency of mechanical properties in materials, particularly in relation to the microstructural development observed in rolled steel. This phenomenon plays a crucial role in determining how materials respond under various loads and conditions, significantly influencing their strength and fracture behavior.

In the context of rolled steel, plane anisotropy highlights the variations in mechanical properties that occur when measured along different directions within the material. This directional dependence arises from the inherent microstructural characteristics established during the rolling process, which aligns the material’s grain structure in a specific orientation. As a result, steel exhibits different mechanical strengths, ductility, and fracture toughness based on the test direction relative to the rolled sheet.

Understanding plane anisotropy is essential for engineers and materials scientists when designing components that require specific mechanical performance attributes. It is vital for applications where directional loading occurs, ensuring that materials are utilized in a manner that optimizes their performance and reduces the likelihood of failure. 

Overall, plane anisotropy is a key factor in the mechanical analysis of rolled steel, impacting its overall reliability and efficiency in practical applications."
EMBRITTLEMENT,MECHANICAL PROPERTY,3,1,"Embrittlement is a reduction in ductility, causing a material to fracture easier, particularly influenced by the formation of certain crystal textures."
TEXTURE,MICROSTRUCTURE,1,1,"Texture in materials science describes the orientation distribution of grains within a material, significantly affecting its mechanical properties."
CHARPY IMPACT ENERGY,MECHANICAL PROPERTY,4,1,Charpy impact energy measures a material's toughness and is evaluated using standardized specimen tests to assess energy absorption during fracture.
LONGITUDINAL DIRECTION,PROCESS PARAMETER,3,1,"The longitudinal direction in materials refers to the direction of rolling or lengthwise orientation, influencing material properties."
THROUGH-THICKNESS DIRECTION,PROCESS PARAMETER,2,1,"The through-thickness direction refers to the orientation perpendicular to the plane of a material sample, critical in evaluating properties such as strength and embrittlement."
TRANSVERSE DIRECTION,PROCESS PARAMETER,2,1,The transverse direction is perpendicular to the rolling direction and affects the mechanical properties of materials in distinct ways.
CRITICAL STRESS CRITERION,PHENOMENON,0,1,The critical stress criterion predicts the conditions under which failure occurs in materials based on induced stresses from external forces.
CHARPY CURVES,PHENOMENON,1,1,"Charpy curves represent the relationship between impact energy and temperature in materials, showing how toughness varies."
SEPARATIONS,PHENOMENON,9,2,"Separations refer to defects observed in materials, particularly during mechanical testing. These defects signify a weak structural integrity, which is critical for evaluating the performance and reliability of materials under various conditions. The occurrence of separations is notably linked to the development of cracks in steel, which can arise due to anisotropy in fracture strength. Anisotropy refers to the directional dependence of a material's mechanical properties, meaning that its behavior can vary based on the orientation of the applied stress.

In conditions where the material is subjected to stress, separations can lead to reduced toughness and increased brittleness. This phenomenon is especially relevant in steel, where the uneven distribution of strength in different orientations can result in significant performance issues. Consequently, understanding and addressing separations is essential for ensuring the structural integrity and durability of materials, particularly in applications where mechanical strength is crucial. Overall, separations highlight the importance of assessing material properties and behaviors to prevent failures in engineering and manufacturing processes."
CLEAVAGE FRACTURE,PHENOMENON,1,1,"Cleavage fracture is a brittle fracture that can occur in materials, particularly metals, under certain stress conditions, often influenced by microstructural characteristics."
MNS INCLUSION,ALLOYING ELEMENT,2,1,"Manganese sulfide (MnS) inclusion is an impurity found in steel that can trigger crack initiation and propagation, affecting the material's mechanical properties."
UNIAXIAL YIELD STRESS,MECHANICAL PROPERTY,1,1,"Uniaxial yield stress is the stress required to deform a material plastically in a uniaxial stress state, a critical parameter in material performance."
TEMPER EMBRITTLEMENT,PHENOMENON,1,1,Temper embrittlement is a phenomenon in metals where brittleness is increased due to segregation of impurities at grain boundaries during heat treatment.
GRAIN BOUNDARY,MICROSTRUCTURE,1,1,"Grain boundaries are interfaces between individual crystals or grains in a material, significantly influencing its mechanical and physical properties."
RARE EARTH METALS,ALLOYING ELEMENT,2,2,"Rare earth metals are a collective group of 17 chemical elements known for their significant role in enhancing the properties of various materials, particularly steels. These elements contribute to modifying the shape of inclusions within steel, which is critical for improving its overall performance. In addition to their application in steel production, rare earth metals are utilized in small quantities across various alloys and materials to impart desired characteristics, such as increased toughness and enhanced resistance to oxidation. Their unique chemical properties make them essential in numerous industrial applications, underscoring their importance in modern materials science."
DESULPHURIZATION METHOD,PROCESS,1,1,"Desulphurization methods are processes designed to reduce sulfur content in steel, aiming to prevent embrittlement from sulfide inclusions."
DIMENSIONAL ANISOTROPY,PHENOMENON,1,1,"Dimensional anisotropy is a property of materials where mechanical properties vary depending on the direction of measurement, often observed in rolled steels."
CRACK INITIATION,PHENOMENON,1,1,"Crack initiation is the process whereby a crack begins to form in a material, often influenced by stress concentrations and microstructural features."
HOTPROLLED STRIP,MATERIAL,1,1,"Hot-rolled strip is a product of steel processing involving rolling at high temperatures, which affects its microstructure and mechanical properties."
PLANE STRAIN,PHENOMENON,1,1,"Plane strain is a condition in which deformation occurs primarily in a plane, significant in understanding yielding and failure in materials."
PLANE STRESS,PHENOMENON,1,1,"Plane stress is a condition where the stress in the thickness direction of a material is negligible, affecting the analysis of stress and strains during manufacturing."
PROPAGATE,PHENOMENON,1,1,"Propagate refers to the propagation of cracks or defects in materials, a critical aspect of understanding failure mechanisms in engineering materials."
CONTROLLED-ROLLED STEELS,MATERIAL,3,1,Controlled-rolled steels are materials processed under specific temperature and deformation conditions to achieve desirable mechanical properties such as increased strength and toughness.
SULPHIDE,MATERIAL,2,1,"Sulphides are impurities in steels that can negatively impact mechanical properties, and controlling their shape is crucial for enhancing the final product quality."
MARTENSITIC STRUCTURE,MICROSTRUCTURE,2,1,"Martensitic structure in steel indicates a specific microstructure formed by rapid cooling, which results in increased hardness and strength."
EFFECTIVE GRAIN SIZE,PROCESS PARAMETER,2,2,"Effective grain size is a key concept in material science that refers to the size of grains within a material that significantly impacts its mechanical properties during processing. This measurement is particularly important in understanding the behavior of materials, especially those containing martensitic phases. In these materials, the effective grain size plays a crucial role in determining their strength, ductility, and overall performance. By focusing on the grains that have the most influence on the material's properties, researchers and engineers can better predict how materials will behave under various conditions, ultimately leading to the design of more efficient and effective materials for a range of applications."
SEPARATION,PHENOMENON,1,1,"Separation refers to the phenomenon where internal flaws or microstructural changes propagate under stress, impacting the integrity of materials."
BAND DENSITY,PROCESS PARAMETER,1,1,"Band density is a measure of the number of bands (or clusters of grains) within a microstructure, which influences material properties."
CR,ALLOYING ELEMENT,1,1,Chromium is an alloying element that helps to improve the hardness and corrosion resistance of steel.
PRECIPITATION HARDENING,PROCESS,2,2,"Precipitation hardening is a specialized heat treatment process utilized in metallurgy to enhance the strength and hardness of materials. This process involves the formation of fine, dispersed particles within the metallic matrix of the material. These particles serve to impede the movement of dislocations, which are defects in the crystal structure that can lead to material deformation under stress. By creating these obstacles to dislocation motion, precipitation hardening significantly increases the material's mechanical properties, making it more durable and resistant to deformation.

Overall, precipitation hardening is crucial in developing high-strength alloys and materials used in various applications, including aerospace, automotive, and structural components, where improved mechanical performance is essential."
LATTICE HARDENING,PROCESS,1,1,Lattice hardening refers to the strengthening of materials through alterations in the lattice structure that impede the movement of dislocations.
SOLID-SOLUTION HARDENING,PROCESS,1,1,"Solid-solution hardening is achieved by adding solute atoms to a metal, which distorts the crystal lattice and makes it harder for dislocations to move."
TEXTURE HARDENING,PROCESS,1,1,"Texture hardening occurs when the crystallographic texture of a material is altered, affecting its mechanical properties and nucleation of cracks."
HESLOP AND PETCH,PERSON,1,1,Heslop and Petch are researchers who demonstrated the relationship between grain size and ductile-to-brittle transition temperature.
KUNITAKE,PERSON,1,1,Kunitake is a researcher who contributed to the understanding of transition temperatures in martensitic structures.
GLADMAN,PERSON,1,1,Gladman is a researcher who established the transition temperature equations for bainitic steel.
T_{RS},PHASE,10,1,T_{rs} represents the transition temperature as a function of various metallurgical parameters and compositions.
AUSTENITE–FERRITE REGION,PHASE,0,1,The austenite–ferrite region is a critical phase zone in steel processing that affects transition temperatures.
FINISHING TEMPERATURE,PROCESS PARAMETER,1,1,"Finishing temperature is the temperature at which steel is processed, significantly impacting its mechanical properties."
DISLOCATIONS,PHENOMENON,1,1,Dislocations are defects in the crystal structure of materials that affect their mechanical strength and ductility.
ASBHY-OROWAN STRENGTHENING,PHENOMENON,0,1,Ashby-Orowan strengthening refers to a mechanism by which dispersed second-phase particles enhance the yield strength of steel.
DIMPLE CRACKING,PHENOMENON,0,1,"Dimple cracking is a mode of fracture that occurs in ductile materials, closely related to the microstructure."
"N_{B}(C, N)",ALLOYING ELEMENT,1,1,"Nb(C, N) refers to niobium carbonitride precipitates that influence dislocation and recovery mechanisms in Nb steel."
C-MN STEEL,STEEL GRADE,7,2,"C-MN STEEL is a type of low-carbon low alloy steel distinguished by its favorable mechanical properties, which are largely a result of its phase structure. This category of steel exhibits excellent workability and toughness, making it a favored choice in various industrial applications. One of the key attributes of C-MN STEEL includes its unique characteristics in dislocation hardening and recovery processes, which contribute to its strength and resilience under stress. Overall, C-MN STEEL combines both versatility and performance, making it suitable for a range of engineering and construction projects."
P_{D},MECHANICAL PROPERTY,0,1,P_{D} represents a mechanical property influenced by the microstructure and composition of steel.
Σ_{D},MECHANICAL PROPERTY,2,1,σ_{D} is a parameter representing Ashby-Orowan strengthening effects on the yield strength of materials.
SUBGRAINS,MICROSTRUCTURE,1,1,Subgrains are smaller grains formed from the division of larger grains in a material and influence its mechanical properties.
ELASTIC MODULUS,MECHANICAL PROPERTY,0,1,Elastic modulus is a measure of the rigidity of a material and its ability to deform elastically.
BAINITIC STEEL,STEEL GRADE,1,1,Bainitic steel is a type of steel with a specific microstructure that provides a balance between strength and ductility.
HIGH-ANGLE BOUNDARY,MICROSTRUCTURE,1,1,"High-angle boundaries are types of grain boundaries that can impede crack propagation, enhancing toughness."
LOW-ANGLE BOUNDARY,MICROSTRUCTURE,1,1,"Low-angle boundaries are less effective at obstructing dislocation movement compared to high-angle boundaries, affecting the ductility of steel."
V,ALLOYING ELEMENT,1,1,Vanadium (V) is an alloying element that contributes significantly to strength and transition temperature via precipitation hardening in steel.
TI,ALLOYING ELEMENT,1,1,"Titanium (Ti) is an alloying element that helps to refine grain size and can affect the recrystallization process in steel, although large additions can decrease toughness."
STRAIN-INDUCED PRECIPITATES,PHENOMENON,1,1,Strain-induced precipitates are fine particles formed in steel during deformation that can inhibit grain growth and enhance strength without degrading toughness.
SI,ALLOYING ELEMENT,1,1,"Silicon (Si) is an alloying element that improves strength and ductility in controlled-rolled steel, particularly when used in amounts of 0.3–0.5%."
MANGANESE,ALLOYING ELEMENT,2,2,"Manganese (Mn) is a crucial alloying element in structural steel, known for its significant role in enhancing material strength through processes such as solid-solution hardening and grain refinement. It achieves this by lowering the transformation temperature, which is vital for improving the mechanical properties of steel. The incorporation of manganese not only contributes to the overall strength of the alloy but also plays a key role in increasing its durability and resistance to wear. As a result, manganese is indispensable in the production of high-performance structural steel, making it essential for various engineering applications."
ALPHA-MATRIX,PHASE,1,1,"The alpha-matrix is a phase of steel characterized by its body-centered cubic (BCC) structure, playing a crucial role in the mechanical properties and toughness of the material."
GAMMA-RECRYSTALLIZATION,PHASE,1,1,"Gamma-recrystallization refers to the process where the gamma phase in steel transitions to other phases during heating and deformation, affecting the overall strength and structure."
CHROMIUM,ALLOYING ELEMENT,1,1,"Chromium suppresses the formation of a banded structure in steel, preventing separations and aiding in the formation of fine precipitates when used with Nb or V."
COPPER,ALLOYING ELEMENT,1,1,Copper has a negligible effect on properties in controlled-rolled steel but can be effective in combination with other elements like Nb and V.
NICKEL,ALLOYING ELEMENT,1,2,"Nickel (Ni) is a significant metallurgical element primarily recognized for its role as an alloying agent that enhances the properties of steel. It is particularly valued for improving the toughness and strength of steel products. In the context of controlled-rolled steel production, nickel's concentration is typically limited to 0.3% or less. At this lower percentage, nickel has a minimal impact on the steel's overall properties when produced. Instead, its effectiveness is often observed when combined with other elements such as niobium (Nb) and vanadium (V), which work synergistically to improve the material characteristics of the steel. Thus, while nickel contributes positively, its role is more pronounced in the presence of these other alloying elements."
MOLYBDENUM,ALLOYING ELEMENT,3,2,"Molybdenum is a crucial alloying element used predominantly in the steel industry to enhance the mechanical properties of steel. It plays a significant role in increasing the strength of steel primarily through a process known as transformation hardening. This process contributes to the development of acicular ferrite steel, a type of steel renowned for its high strength and toughness. 

In addition to its role in strength enhancement, molybdenum also improves the hardness and corrosion resistance of steel, making it a vital component in the production of various high-performance steel grades. Its effectiveness in fortifying steel makes it indispensable in applications where durability and reliability are critical, such as construction, automotive, and heavy machinery industries. 

Overall, molybdenum's unique properties as an alloying element help to create superior steel materials that can withstand extreme conditions and stress, thereby extending the lifespan and functionality of steel products."
ACICULAR FERRITE STEEL,STEEL GRADE,1,1,"Acicular ferrite steel is characterized by its unique microstructure that enhances strength, influenced by the addition of molybdenum."
PRODUCTION MILL,EQUIPMENT,0,1,A production mill is an industrial facility where controlled-rolling processes occur to manufacture steel with specific properties.
PLATE MILL,EQUIPMENT,1,1,"The plate mill is a type of rolling mill that has challenges with reduction per pass, especially during initial slab rolling."
HOT-STRIP MILL,EQUIPMENT,1,1,"A hot-strip mill can achieve significant reduction per pass, producing finer and more uniform grain structures than a plate mill."
VANADIUM,ALLOYING ELEMENT,2,2,"Vanadium is a crucial alloying element extensively utilized in steel production, recognized for its significant contributions to enhancing the material's hardness and strength, especially in hot-rolled applications. Through the alloying process, vanadium plays a vital role in grain refinement, which is essential for achieving improved mechanical properties in steel products. This is accomplished through the formation of fine precipitates, which help reinforce the steel matrix, thereby elevating the overall strength and durability of the steel. The incorporation of vanadium not only helps in achieving desired performance characteristics but also allows for the production of high-strength steels that are essential in various industrial applications."
PASS SCHEDULE,PROCESS PARAMETER,1,1,The pass schedule is a process parameter in rolling mills that defines the sequence of operations for reducing material thickness and achieving desired microstructure.
ROLLING TEMPERATURE,PROCESS PARAMETER,1,1,"Rolling temperature is a crucial process parameter in steel manufacturing, influencing the microstructure and mechanical properties of the final product."
BRITISH STEEL CORPORATION,ORGANIZATION,1,2,"The British Steel Corporation is a significant entity in the field of steel production, playing a vital role in the manufacturing and processing of various steel products. As a key player in the industry, it engages in a comprehensive production cycle that includes a wide array of steel processing activities. Specifically, the corporation is notable for its operations within the General Steels Division, which focuses on delivering diverse steel solutions tailored to meet industrial demands. Furthermore, the British Steel Corporation has contributed to the dissemination of knowledge within the sector by publishing reports that outline advancements and practices in steel processing. Through its dedication to the steel manufacturing process, the British Steel Corporation continues to be an influential organization in the steel industry."
LOW-CARBON STEEL,STEEL GRADE,8,2,"Low-carbon steel is defined as a type of steel that comprises a carbon content of less than or equal to 0.06%. This low percentage of carbon imparts distinct properties, particularly ductility, which allows it to be shaped and formed easily, making it suitable for a wide range of applications. Due to its characteristics, low-carbon steel is widely utilized in various steel processing methods, demonstrating its importance in numerous industrial and commercial sectors. Overall, low-carbon steel is valued for its versatility and favorable mechanical properties, making it an essential material in the field of steel manufacturing and application."
HSLA STEEL,STEEL GRADE,0,1,High-strength low-alloy (HSLA) steel is engineered to provide improved mechanical properties and greater resistance to corrosion compared to conventional carbon steel.
FINISH ROLLING,PROCESS,1,1,Finish rolling is the final stage of the rolling process that shapes the metal piece into its final dimensions and properties.
CEMENTITE,PHASE,1,1,"Cementite, or iron carbide, is a hard material found in steel that affects its mechanical properties, particularly toughness and hardness."
ACICULAR FERRITE STRUCTURE,MICROSTRUCTURE,0,1,"The acicular ferrite structure consists of fine non-equiaxed ferrite dispersed with cementite and martensite islands, contributing to high strength properties in steel."
SECOND STAGE,PROCESS,0,1,"The second stage in the rolling process refers to a specific phase where recrystallization is sluggish, affecting the final grain size."
TOTAL DEFORMATION,PROCESS PARAMETER,0,1,Total deformation is a critical parameter during rolling that influences the mechanical properties and microstructure of the final product.
HEAVY REDUCTION,PROCESS PARAMETER,0,1,Heavy reduction is a parameter in the rolling process that significantly influences the mechanical properties of steel by enhancing the total deformation.
COILING TEMPERATURE,PROCESS PARAMETER,0,1,"Coiling temperature refers to the temperature at which rolled steel is coiled, affecting the final microstructure and mechanical properties."
RAPID COOLING,PROCESS,0,1,"Rapid cooling is a process in which the temperature of the steel is decreased quickly after rolling, influencing the efficiency of martensite formation."
SLOW COOLING,PROCESS,0,1,"Slow cooling refers to the gradual decrease in temperature of rolled steel after rapid cooling, which can affect final microstructure."
THICKNESS OF MATERIAL,PROCESS PARAMETER,0,1,The thickness of material at re-rolling initiation is controlled to manage final properties and ensure effective processing.
MILL LOADING,PROCESS PARAMETER,0,1,"Mill loading refers to the stress and pressure being applied during the rolling process, which affects the final product's mechanical attributes."
FERROUS ALLOYS,MATERIAL,0,1,Ferrous alloys are materials that primarily consist of iron and include various alloying elements impacting their mechanical properties.)<|COMPLETE|>
POLYGONAL FERRITE,PHASE,3,1,Polygonal Ferrite is a phase observed in steel that can influence the material's overall mechanical properties depending on its volume fraction in the microstructure.
DUAL-PHASE STEEL,MATERIAL,2,1,"Dual-Phase Steel refers to a type of steel that has a microstructure consisting of α-grains and martensite islands, characterized by specific yield and tensile strength properties."
API X70,STEEL GRADE,0,1,"API X70 is a high-strength steel grade commonly used for making linepipes, particularly for use in demanding environments such as Arctic conditions."
FINISH-ROLLING TEMPERATURE,PROCESS PARAMETER,2,1,Finish-Rolling Temperature refers to the specific temperature at which steel is rolled to affect its microstructure and alter its mechanical properties.
LOW TEMPERATURE TOUGHNESS,MECHANICAL PROPERTY,0,1,Low Temperature Toughness is a property of materials indicating their ability to absorb energy and deform plastically at low temperatures.
WORK HARDENING,PHENOMENON,1,1,Work Hardening refers to the process where a material increases in hardness and strength through plastic deformation.
STRAIN-ASSISTED TRANSFORMATION,PROCESS,0,1,"Strain-Assisted Transformation is a process where applied deformation during cooling aids in changing the microstructural phases in steel, enhancing mechanical properties."
STRENGTH,MECHANICAL PROPERTY,2,1,Strength is a critical mechanical property of materials that quantifies their ability to withstand an applied force or load without failure.
TOUGHNESS,MECHANICAL PROPERTY,4,2,"Toughness is a significant mechanical property that characterizes a material's ability to absorb energy while undergoing plastic deformation without fracturing. This property is essential in various steel applications, as it ensures that the material can endure stress and impact without breaking. Toughness allows materials, particularly metals, to maintain structural integrity under dynamic loads, making it vital for manufacturing processes and end-use scenarios where durability and resilience are critical."
NORMALIZING,PROCESS,3,1,"Normalizing is a heat treatment process that involves heating steel to a temperature where it becomes austenitic, followed by cooling in air to refine its microstructure."
QUENCHING,PROCESS,1,1,Quenching is a rapid cooling process used in metallurgy to harden steel by transforming austenite into martensite.
TEMPERING,PROCESS,1,1,Tempering is a heat treatment process applied to quenched steel to reduce brittleness and increase toughness by allowing some of the martensite to transform.
Γ-GRAIN,MICROSTRUCTURE,0,1,The γ-grain structure refers to a fine-grained austenitic microstructure that is beneficial for producing tougher materials during processing.
Α-GRAIN,MICROSTRUCTURE,0,1,"The α-grain structure indicates the presence of ferrite in steel, characterized by its stable form at lower temperatures compared to austenite."
CARBON-MANGANESE STEEL,STEEL GRADE,0,1,"C-Mn steel is a type of low-alloy steel that includes carbon and manganese, enhancing its mechanical properties and toughness."
CONTINUUM ROLLING,PROCESS,0,1,Continuum rolling is a thermomechanical process involving continuous reductions in various temperature phases to enhance steel's yield strength and toughness.
CHARPY TEST,PROCESS,1,1,The Charpy test is a standardized high-strain-rate test to determine the amount of energy absorbed by a material during fracture.
SUPRAPOSITION,PHENOMENON,1,1,Supraposition effects in thermomechanical treatments refer to the combined influences of different processes (like controlled rolling and transformation) to optimize material properties.
METALLOGRAPHY,PROCESS,0,1,"Metallography is the study of the physical structure and components of metals, typically via microscopic analysis."
STAGE 1,PROCESS PARAMETER,0,1,Stage 1 of controlled rolling is characterized by deformation in the recrystallization region to refine coarse austenite into a finer structure.
STAGE 2,PROCESS PARAMETER,0,1,Stage 2 of controlled rolling is defined by deformation in the non-recrystallization region where fine ferrite nucleates on deformation bands.
STAGE 3,PROCESS PARAMETER,0,1,"Stage 3 involves deformation in the two-phase region of austenite and ferrite, further influencing microstructural characteristics and enhancing strength."
EFFECT OF FINISHING TEMPERATURE,PROCESS PARAMETER,1,1,"The effect of finishing temperature on steel properties impacts yield strength and transition temperature, indicating how thermal processes influence material performance."
LOW-TEMPERATURE RANGE,PROCESS PARAMETER,1,1,The low-temperature range refers to the temperature conditions under which controlled rolling enhances the strength and toughness of steel by refining its microstructure.
"HEAVY, REPEATED DEFORMATIONS",PROCESS,1,1,"Heavy, repeated deformations in steel processing are used to achieve grain refinement, contributing to increased strength and toughness of steel products."
THROUGH-THICKNESS EMBRITTLEMENT,PHENOMENON,1,1,"Through-thickness embrittlement occurs in rolled steels, particularly affecting toughness, where weakened structural integrity leads to failure in certain directions."
FINE-GRAINED POLYGONAL FERRITE,MICROSTRUCTURE,2,1,"Fine-grained polygonal ferrite refers to a microstructure which consists of very small ferrite grains resulting from controlled deformation processes, enhancing strength and toughness."
SOLUTE-DRAG EFFECT,PHENOMENON,1,1,"The solute-drag effect refers to the resistance to dislocation motion caused by solute atoms, which can strengthen the material during deformation processes."
DISLOCATION,MECHANICAL PROPERTY,1,1,Dislocations are defects within the crystal structure of materials that play a significant role in plastic deformation and the overall strength of metals.
PROCESS VARIABLES,PROCESS PARAMETER,1,1,"Process variables are the various factors in processing—such as temperature, strain rate, and composition—that impact the final properties of the material."
COOLING,PROCESS,1,1,"Cooling is the process applied after deformation, such as in quenching, to achieve desired microstructures like martensite in steels."
I. KOZASU,PERSON,4,2,"I. Kozasu is a researcher recognized for his contributions to the field of metallurgy, particularly in understanding the properties of steel. He has co-authored a number of papers that explore the characteristics and behaviors of steel and its alloys, which have been published in various prestigious metallurgical journals. His work includes a significant focus on alloy microstructures, underscoring his expertise in the intricate relationships between material composition and performance. Through his scholarly efforts, I. Kozasu has established himself as a notable figure in the scientific community, contributing valuable insights that advance knowledge in metallurgy and enhance the application of steel in various industries."
T. SHIMIZU,PERSON,0,1,"T. Shimizu is a co-author in studies related to iron and steel, noted for contributions in Japanese metallurgical research."
H. KUBOTA,PERSON,1,1,H. Kubota is a researcher involved in studies published in the Transactions of the Iron and Steel Institute of Japan.
H. SEKINE,PERSON,3,1,H. Sekine is a co-author in works about microstructures and alloy design.
T. MARUYAMA,PERSON,1,1,T. Maruyama has co-authored several studies related to the microstructure and mechanical properties of alloys.
C. SHIGA,PERSON,0,1,C. Shiga contributed to the discussion on microalloying processes in a published work in New York.
UNION CARBIDE CORPORATION,ORGANIZATION,4,3,"Union Carbide Corporation is a prominent chemical company that has made significant contributions across various industrial sectors, particularly in the fields of chemistry and materials. The organization is renowned for its production of materials and technology that play a crucial role in the chemicals and materials industries. Union Carbide's research initiatives have notably impacted metallurgy, with a strong emphasis on microalloying and steel processing. This company has been cited in numerous publications, highlighting its involvement in cutting-edge metallurgical research. As a result, Union Carbide has established itself as an influential entity in the field of material engineering, showcasing its commitment to advancing technology and innovation within the industry."
THE IRON AND STEEL INSTITUTE OF JAPAN,ORGANIZATION,1,1,"This organization is involved in research and development concerning iron and steel processes, hosting various studies presented in metallurgical literature."
THE METALS SOCIETY,ORGANIZATION,1,1,"The Metals Society publishes works focusing on metallurgy, covering alloy design and microstructures."
METALLURGICAL SOCIETY OF AIME,ORGANIZATION,1,1,"This society focuses on advancements in metallurgy, publishing papers on the processing and properties of low-carbon steel."
CONTROLLED ROLLING OF STEEL,PROCESS,2,1,This is a process used to refine the properties of steel by regulating temperature and deformation during manufacturing to achieve desired mechanical characteristics.
MICROALLOYING,PROCESS,4,3,"Microalloying is a metallurgical technology focused on enhancing the properties of steel through the addition of small amounts of alloying elements. This process involves the careful integration of these microalloying elements, which leads to significant improvements in the mechanical characteristics of steel without substantial changes to its overall composition. By employing microalloying techniques, metallurgists can achieve desired performance attributes such as increased strength, improved toughness, and enhanced ductility. These enhancements contribute to the development of high-performance steel grades suitable for various industrial applications, further underscoring the importance of microalloying in the field of metallurgy."
DUCTILITY,MECHANICAL PROPERTY,3,2,"Ductility is a key mechanical property of materials, particularly significant in the context of steel manufacturing and engineering. It refers to the ability of a material to undergo significant deformation before rupture when subjected to tensile stress. This property is essential for understanding how materials behave under load and is a critical factor in assessing various grades of steel, including low-carbon steel, which is known for its enhanced ductility.

The measurement of ductility helps in evaluating the performance and suitability of materials in structural applications. In steel manufacturing, ductility ensures that products can withstand bending, stretching, and other forms of mechanical stress without failing. Therefore, materials with higher ductility, like certain steel grades, are preferred in applications requiring resilience and flexibility, as they can absorb energy and deform without breaking.

Overall, ductility is an important characteristic that informs the design and selection of materials in engineering, emphasizing the need for materials that can tolerate deformation under stress while maintaining structural integrity."
"AMERICAN INSTITUTE OF MINING, METALLURGICAL AND PETROLEUM ENGINEERS",ORGANIZATION,5,3,"The American Institute of Mining, Metallurgical, and Petroleum Engineers (AIME) is a prominent professional association located in New York, specializing in the fields of mining, metallurgy, and petroleum engineering. The organization plays a pivotal role in advancing these industries by organizing conferences that facilitate knowledge sharing and networking among professionals. AIME is also dedicated to the dissemination of research by publishing scholarly works pertaining to mining and metallurgical engineering, with a notable focus on steel and metallurgy.

As a recognized entity in these engineering domains, AIME contributes significantly to the professional development of its members and the broader community by providing access to key research findings and innovations. Through its various initiatives, the institute aims to support the growth and sustainability of mining, metallurgical, and petroleum engineering practices, ensuring that members stay at the forefront of industry developments.

Overall, the American Institute of Mining, Metallurgical, and Petroleum Engineers stands as a crucial institution for professionals within its fields, fostering collaboration and promoting advancements through its conferences and publications."
TETSUTO-HAGANE,PROCESS,4,1,"A Japanese publication that discusses various topics related to iron and steel metallurgy, including hot deformation and microalloying techniques."
TRANS. IRON STEEL INST. JPN,PROCESS,2,1,"A journal that publishes research related to iron and steel technologies in Japan, focusing on advancements and technical innovations in metallurgy."
METALL. TRANS.,PROCESS,1,1,"A journal that features research papers and articles on the processing and properties of metals, including iron and steel."
NIPPON KINZOKU GAKKAISHI,PROCESS,1,1,"The Journal of the Japan Society of Materials Science that covers research and developments in the materials field, focusing primarily on metallurgy."
HOT DEFORMATION OF AUSTENITE,PROCESS,1,1,A metallurgical process involving the plastic deformation of austenitic steel at elevated temperatures to improve its mechanical properties.
"TANAKA, T.",PERSON,1,1,"A researcher known for contributions to the field of metallurgy, with multiple publications in Tetsu-to-Hagané and other scientific journals."
"KOZASU, I.",PERSON,1,1,"An author recognized for research in iron and steel metallurgy, contributing to the Trans. Iron Steel Inst. Jpn journals."
"OHMORI, Y.",PERSON,1,1,A metallurgical researcher noted for publications in Nippon Kinzoku Gakkaishi regarding advancements in steel processing.
"LAMBERTIGTS, M.",PERSON,0,1,A researcher who has explored the hot deformation of austenite and contributed to metallurgical knowledge in various publications.
"GRELAY, T.",PERSON,1,1,"An author known for research focused on the hot deformation properties of austenitic steels, published in metallurgical journals."
"MU, S.",PERSON,0,1,Notable researcher whose works involve the investigation of steel properties and processing.
"PRIESTNER, R.",PERSON,1,1,"A researcher known for publications on metallurgical processes, particularly in Metall. Trans. and other journals."
"BROWN, E.L.",PERSON,1,1,"A researcher involved in the hot deformation of austenite discussions, contributing important findings to the field of metallurgy."
S. SEKINO,PERSON,0,1,Metallurgical researcher who has published findings on the hot deformation of steels in Tetsu-to-Hagané.
T. HASHIMOTO,PERSON,2,3,"T. Hashimoto is an accomplished author known for his extensive research in the field of metallurgy, particularly focusing on steel properties and processing techniques. He has contributed to various academic journals, highlighting significant findings related to the characteristics of steel. His expertise extends to the study of steel phase transitions, where he investigates the different phases that steel undergoes under varying conditions. Through his scholarly work, T. Hashimoto has established a notable presence in the scientific community, particularly in the domains of steel research and metallurgical engineering."
T. SAWAMURA,PERSON,1,1,T. Sawamura is an author who collaborated with T. Hashimoto on research concerning steel materials.
H. OHTANI,PERSON,2,2,"H. Ohtani is an author recognized for his contributions to the research of steel and its related mechanical properties. His work is particularly noted in the context of publications in Tetsu-to-Hagané, a journal dedicated to advancements in metallurgy. Through his research, H. Ohtani has provided valuable insights that enhance the understanding of steel's properties, thereby contributing to the broader field of materials science."
C. R. MACKENZIE,PERSON,2,1,C. R. Mackenzie contributed research to J. Iron Steel Inst. regarding steel materials and properties.
R. W. YOUNG,PERSON,1,1,R. W. Young co-authored studies with C. R. Mackenzie on iron and steel material methodologies.
Y. SAITO,PERSON,1,1,Y. Saito is an author of research articles published in Tetsu-to-Hagané related to steel processing.
Y. E. SMITH,PERSON,1,2,"Y. E. Smith is a notable contributor to the field of metallurgical research, specifically focusing on iron and steel. Through a series of published papers, Smith has explored significant aspects of metallurgy, particularly in the context of iron and steel production and properties. The research emphasizes the enhancement of steel’s ductility and toughness, critical qualities that determine the performance and applicability of steel in various industries.

In pursuit of these objectives, Y. E. Smith has engaged in studies that analyze the methodologies and treatments that can improve the mechanical properties of steel. This dedication to metallurgical advancement positions Smith as a key figure in ongoing efforts to refine and innovate within the field. By addressing the complexities associated with improving steel's performance, Smith’s work contributes to broader developments in material science and engineering, impacting sectors that rely on high-quality steel products."
C. A. SIEBERT,PERSON,1,1,"C. A. Siebert is an author involved in metallurgical studies, including works published in Metall. Trans."
S. MATSUNO,PERSON,1,1,S. Matsuno collaborated on steel research documented in Tetsu-to-Hagané.
B. L. BRAMFITT,PERSON,1,1,B. L. Bramfitt authored papers on processing and properties of low-carbon steel.
CLIMAX MOLYBDENUM COMPANY,ORGANIZATION,4,3,"Climax Molybdenum Company is a prominent player in the production of molybdenum products, which are crucial for enhancing the properties of various steel materials. The company has garnered attention in research focused on the ductility and toughness of materials, particularly emphasizing the performance of steels that incorporate molybdenum. In this context, Climax Molybdenum Company is not only involved in molybdenum mining and extraction but also plays a significant role in steel processing and alloy development. 

Their expertise in producing molybdenum-containing steels positions them as a key contributor to advancements in high-performance materials. The company’s publications reveal its commitment to ongoing research and development in this field, further solidifying its reputation as an authority on the applications and benefits of molybdenum in metallurgy. Through these efforts, Climax Molybdenum Company continues to influence the industry by improving the mechanical properties of steels, making them more suitable for demanding applications."
TETSU-TO-HAGANÉ,ORGANIZATION,1,1,"Tetsu-to-Hagané is a journal focused on metallurgical research, including studies of steel and its properties."
D. S. DABKOWSKI,PERSON,0,1,D. S. Dabkowski collaborated with G. R. Speich on the study of hot deformation in metallurgy.
H. INAGAKI,PERSON,1,1,H. Inagaki co-authored numerous studies in Tetsu-to-Hagané focusing on various aspects of steel processing.
K. KURIHARA,PERSON,0,1,K. Kurihara contributed to studies concerning steel materials and their properties in collaboration with H. Inagaki.
M. IINO,PERSON,0,1,M. Iino is recognized for his contribution to iron and steel research published in various journals.
E. MIYOSHI,PERSON,2,1,E. Miyoshi authored papers addressing crack propagation in pipelines and other metallurgical aspects.
M. FUKUDA,PERSON,1,1,M. Fukuda collaborated on multiple studies focusing on the mechanical properties of steel.
W. B. MORRISON,PERSON,0,1,W. B. Morrison contributed to metallurgical research drawing on techniques and properties of steel.
R. SCHOFIELD,PERSON,0,1,R. Schofield is a researcher involved in metallurgical studies and has published findings in industry journals.
G. BALDI,PERSON,0,1,G. Baldi's work includes significant contributions to metallurgical science and research on steel materials.
J. F. KNOTT,PERSON,1,1,J. F. Knott has researched the mechanical properties and the effects of second-phase particles in steels.
J. D. EMBURY,PERSON,1,1,J. D. Embury is involved in metallurgical studies and has published research on steel and its properties.
E. HORNBOGEN,PERSON,0,1,E. Hornbogen studies the mechanical properties of metals and has published numerous papers on steel.
DOCTORAL STUDY,PROCESS,0,1,"Doctoral study is a common academic path for achieving a doctorate degree, which often involves extensive research and contributions to the field of materials science."
STEEL PROCESSING,PROCESS,2,1,"Steel processing refers to the various methods involved in the manipulation of steel for its use in products, including microstructural adjustments and heat treatments."
PHASE,PHASE,0,1,"Phase refers to a distinct state of matter in materials science, crucial for understanding material properties at different temperatures and compositions."
K. KUNISHIGE,PERSON,0,2,"K. Kunishige is a notable author and researcher recognized for his contributions to metallurgy, particularly in the area of steel properties and phases. His work has garnered considerable attention within the academic community, as he is extensively cited in research related to these topics. Throughout his career, Kunishige has been involved in multiple studies that explore the intricate characteristics of steel, advancing the understanding of its diverse properties. His expertise has positioned him as a significant figure in metallurgical research, underscoring the importance of his findings in various applications and industries connected to steel production and usage."
S. SUGIZAWA,PERSON,0,1,S. Sugizawa is a researcher mentioned in various studies related to steel processing and metallurgical science.
T. MORI,PERSON,0,1,"T. Mori is an author contributing to the field of metallurgy, especially related to steel and its microstructural properties."
T. ENAMI,PERSON,0,1,"T. Enami is a researcher associated with studies on steel, specifically regarding its mechanical properties and processing."
T. FUNAKOSHI,PERSON,0,2,"T. Funakoshi is recognized as a contributor to metallurgical research, particularly focusing on steel and its properties. His work encompasses a variety of studies aimed at understanding and enhancing the characteristics of steel. Specifically, T. Funakoshi is involved in researching steel processing methods with the goal of improving the material's overall properties. His contributions are significant in the field of metallurgy, as he seeks to innovate and apply new techniques that optimize the performance and quality of steel in various applications."
R. OKABE,PERSON,0,1,R. Okabe is an author recognized for his work in metallurgical studies involving steel materials.
L. LUYCKX,PERSON,0,1,L. Luyckx is a researcher involved in steel processing studies and is cited in metallurgical journals.
J. R. BELL,PERSON,0,1,J. R. Bell is an author participating in research focused on the properties and processes of steel.
A. MCLEAN,PERSON,0,1,A. McLean is a researcher contributing to the studies concerning steel metallurgy and its applications.
M. KORCHYNSKY,PERSON,0,1,M. Korchynsky is an author noted for involvement in metallurgical research related to steel.
H. PIRCHNER,PERSON,0,1,H. Pirchner is a researcher referenced in the context of microalloying and its impact on steel properties.
W. KLAPAR,PERSON,0,1,W. Klapar is an author concerned with microalloying processes in steel production.
A. BROWNIGG,PERSON,0,1,"A. Brownigg is a researcher active in the metallurgical sciences, focusing on steel properties."
F. M. CHAMBERS,PERSON,0,1,F. M. Chambers is a noted researcher in the field of metallurgy and steel processing.
O. HAIDA,PERSON,0,1,O. Haida is an author contributing to studies related to steel materials and their properties.
T. EMI,PERSON,0,1,T. Emi is a researcher recognized for work in steel processing and metallurgical research.
K. SANBONGI,PERSON,0,1,K. Sanbongi is noted for work in steel studies and the mechanical properties associated with steel materials.
T. SHIRAISHI,PERSON,0,1,T. Shiraishi is an author associated with studies in steel metallurgy.
A. FUJIWARA,PERSON,0,1,A. Fujiwara is a contributor to research in steel properties and processing.
T. N. BAKER,PERSON,0,1,T. N. Baker is a researcher involved in the studies of steel and its mechanical properties.
N. A. MCPHERSON,PERSON,0,1,N. A. McPherson is an author noted for contributions to the mechanical sciences related to steel.
S. MATSUDA,PERSON,0,1,S. Matsuda is a researcher in the field of steel improvements regarding ductility and toughness.
T. INOUE,PERSON,0,1,T. Inoue is an author contributing to the research of steel properties and processing techniques.
H. MIMURA,PERSON,0,1,H. Mimura specializes in research concerning the ductility and toughness of steel.
Y. OKAMURA,PERSON,0,1,"Y. Okamura is a researcher focused on improvements in steel properties, including ductility and toughness."
T. KUNITAKE,PERSON,0,1,T. Kunitake is an author connected with the development of steel processing techniques.
F. TERASAKI,PERSON,0,1,F. Terasaki is a researcher involved in the studies of steel properties and advancements.
Y. OHMORI,PERSON,0,1,Y. Ohmori is contributing research towards the improvements in mechanical properties of steel.
A. KAMADA,PERSON,0,1,A. Kamada is a researcher involved in studies on steel's processing and properties.
N. KOSHIZUKA,PERSON,0,1,"N. Koshizuka is an author contributing to metallurgy research, particularly on steel."
T. GLADMAN,PERSON,0,1,T. Gladman is a researcher focusing on the developments in steel processing technologies.
D. DULIEU,PERSON,0,1,D. Dulieu is cited in studies on microalloying and its impact on steel properties.
I. D. MCLVOR,PERSON,0,1,I. D. McIvor is an author associated with metallurgical studies and research on steel.
M. DURBIN,PERSON,0,1,M. Durbin is a researcher contributing knowledge to low-carbon steel processing.
P. R. KRAHE,PERSON,0,1,P. R. Krahe is noted for work in the processing and properties of low-carbon steels.
T. YUKITOSHI,PERSON,0,1,T. Yukitoshi is a researcher contributing to studies on steel processing mechanisms.
A. P. COLDREN,PERSON,0,1,"A. P. Coldren is a notable author in the field of metallurgy, particularly focused on low-carbon steel processing."
M. LAFRANCE,PERSON,0,1,M. Lafrance is a contributor to research on the mechanical and phase properties of steel.
F. CARON,PERSON,0,1,F. Caron is a researcher focusing on steel processing and enhancements in its properties.
G. LAMANT,PERSON,0,1,G. Lamant is citable in research discussing advancements in the properties of steel.
J. LECLEC,PERSON,0,1,J. Leclerc is focused on metallurgy and specifically in the study of steel properties.
M. CIVALLERO,PERSON,0,1,M. Civallero is mentioned in relation to mechanical properties of steel and its processing methods.
C. PARRINI,PERSON,0,1,C. Parrini is recognized for contributions related to steel and its mechanical processing.
T. YAMAGUCHI,PERSON,0,1,T. Yamaguchi is involved in metallurgical research on steel improvements.
T. OSUKA,PERSON,0,1,T. Osuka is a contributor to studies concerning steel properties and technological advancements.
T. TAIRA,PERSON,0,1,T. Taira is involved in research on steel and its mechanical properties.
N. IWASAKI,PERSON,0,1,N. Iwasaki is an author noted for his contributions to metallurgical research related to steel.
K. D. TAEFFNER,PERSON,0,1,K. D. Taeffner is involved in the development of research on steel processing techniques.
G. GORGES,PERSON,0,1,G. Gorges is recognized for contributions in the field of steel metallurgy and processing.
M. A. HANEKE,PERSON,0,1,M. A. Haneke is a researcher focusing on steel properties in metallurgical studies.
W. T. RECKNAGEL,PERSON,0,1,W. T. Recknagel is an author who has contributed to the studies regarding steel properties.
COLDREN AND MIHELICH,PERSON,2,1,A. P. Coldren and J. L. Mihelich authors review on molybdenum-containing steels for gas and oil industry applications
DUAL-PHASE STEELS,STEEL GRADE,2,1,"Dual-phase steels are a type of steel characterized by a microstructure consisting of both a soft phase and a hard phase, providing better mechanical properties."
STRUCTURE AND PROPERTIES,PROCESS,2,1,The study involves examining the relationship between the microstructure and mechanical properties of dual-phase steels.
METALS SOCIETY,ORGANIZATION,1,1,"An organization focused on the advancement of the science and engineering of materials, specifically metals."
GOODS AND OIL INDUSTRY APPLICATIONS,PHENOMENON,0,1,"Refers to the application of materials, specifically molybdenum-containing steels, in goods utilized within the gas and oil industry due to their strength and durability."
STRUCTURE,MICROSTRUCTURE,0,1,"The arrangement and organization of the microstructural components within dual-phase steels, impacting their mechanical properties."
PROPERTIES,MECHANICAL PROPERTY,0,1,"The mechanical attributes such as strength, ductility, and toughness that are derived from the microstructure of dual-phase steels."
AMERICAN SOCIETY OF MECHANICAL ENGINEERS,ORGANIZATION,0,1,"A professional organization that publishes technical and engineering research including studies on the application of mechanical engineering principles, such as those involved in metallurgy.)<|COMPLETE|>"
