title,type,degree,frequency,description
CONTROLLED ROLLING,PROCESS,36,12,"""CONTROLLED ROLLING"" refers to a specialized manufacturing process for steel that focuses on refining its grain structure and enhancing its mechanical properties, including strength and toughness. This process is characterized by the precise control of rolling conditions, particularly temperature and strain rates, unlike conventional hot rolling methods.

In controlled rolling, steel is subjected to deformation at specific high temperatures. This deliberate manipulation of temperature and reduction conditions allows for the production of finer grain structures, which are critical for improving the overall mechanical properties of the steel. As a result, this method has become an important technique in metallurgy, enabling the manufacture of steel with superior strength and toughness characteristics.

The process not only improves the grain structure during hot-rolling but also optimizes the microstructure of the steel. By controlling the deformation variables, manufacturers can achieve desired microstructural characteristics that directly correlate with the performance of the steel in practical applications. Controlled rolling is not merely a technique but a comprehensive approach to steel processing that enhances its properties through meticulous adjustments in manufacturing parameters.

Overall, controlled rolling serves as a vital method in steel manufacturing, delivering materials with enhanced mechanical properties suited for various industrial applications. Its ability to precisely refine steel's microstructure through controlled temperature and strain conditions underscores its significance in modern metallurgy."
STEEL,MATERIAL,7,4,"Steel is a prevalent material predominantly composed of iron, often alloyed with additional elements such as carbon to enhance its properties for a variety of applications. It is renowned for its strength and versatility, making it a critical resource in both construction and manufacturing industries. Among its numerous formulations, dual-phase and molybdenum-containing steels stand out for their specialized characteristics that cater to specific engineering demands.

The unique properties of steel arise from its alloy composition and the processes it undergoes, particularly during deformation and recrystallization at elevated temperatures. These high-temperature processes are vital for maximizing the material's performance and tailor-making it for specific uses. Steel's adaptability allows it to meet diverse requirements across many sectors, from structural frameworks in buildings to components in machinery.

Overall, steel remains a fundamental material, integral to modern infrastructure and industry due to its strength, versatility, and the innovative applications of its various alloys."
AUSTENITE,PHASE,15,9,"Austenite is a significant phase of iron and steel, characterized by a face-centered cubic (FCC) crystal structure. It exists at elevated temperatures and plays a critical role in the thermal and mechanical properties of steel. Specifically, austenite is stable at high temperatures, where it provides ductility and toughness, making it essential for various applications in metallurgy.

As a high-temperature phase, austenite can transform into other phases such as ferrite when subjected to cooling. This transformation is essential for understanding the behavior of steel during processes like dynamic recovery and recrystallization, especially when the material is deformed under stress. The ability of austenite to change into different phases upon cooling or heating allows for the tailoring of mechanical properties in steel, which is vital for engineering applications.

The presence of austenite signifies certain advantages in steel processing, particularly in terms of improving performance under high-stress conditions. Its FCC structure not only contributes to toughness but also enables the material to maintain better mechanical properties during various thermal treatments. Understanding the characteristics of austenite is crucial for metallurgists and engineers as they design and manipulate steel for specific uses in industrial applications. Overall, austenite's unique properties and phase transformations are fundamental to the functionality and versatility of steel as a material."
FERRITE,PHASE,11,10,"Ferrite is a significant phase of iron and steel characterized by a body-centered cubic (BCC) crystal structure. It typically exhibits good ductility and softness compared to other phases, contributing to the material's overall toughness. Ferrite is often present in steel microstructures and plays a crucial role in the mechanical properties of steel alloys, particularly when formed in fine or polygonal grains.

At lower temperatures, ferrite remains a stable phase and typically contains lower carbon content. This phase is recognized for enhancing ductility and toughness, making it a vital component in various steel applications. The transformation of austenite to ferrite is a fundamental process in steel metallurgy, further emphasizing ferrite's importance in the overall structure and performance of steel.

Moreover, ferrite has useful magnetic properties, which contribute to its application in different material contexts, including electrical steels. Its softness is a critical factor that can be influenced significantly by processing techniques such as rolling and other transformation processes. Despite its lower strength when compared to other steel phases, ferrite's advantageous properties make it essential for creating resilient steel products that require a balance of strength and ductility.

In summary, ferrite is a low-temperature, ductile phase of iron with a body-centered cubic structure, known for its softness and contribution to the strength and toughness of steel, particularly when processed appropriately. Its presence at room temperature and its significant role in steel microstructures highlight ferrite's importance in metallurgy and materials science."
NIOBIUM,ALLOYING ELEMENT,4,4,"Niobium (Nb) is a significant alloying element known for its crucial role in reinforcing the mechanical properties of steel. It influences various metallurgical processes such as precipitation hardening, grain refinement, and recrystallization. By modifying the microstructure of steel through controlled rolling and other processing techniques, niobium effectively enhances grain size control, which in turn contributes to improved toughness and strength.

As an alloying element, niobium plays a vital role in increasing the strength of steel while also affecting its toughness, making it a valuable addition in the creation of high-performance steel alloys. Its ability to refine the grain structure helps achieve a balance between strength and ductility, ensuring that steel components can withstand significant stress without failing.

Overall, niobium is essential in the steelmaking industry, where its properties help improve the integrity and durability of steel products used in various applications."
CHARPY TEST,PROCESS,1,1,"The Charpy test is a method to measure the toughness of materials, often used for assessing steel integrity."
MECHANICAL PROPERTIES,MECHANICAL PROPERTY,12,3,"Mechanical properties refer to the characteristics and behaviors of materials when subjected to forces. These properties include critical aspects such as yield strength, tensile strength, impact toughness, ductility, and hardness. The mechanical properties of a material are influenced by deformation processes, which can alter the material's microstructure accordingly. 

Yield strength is defined as the amount of stress at which a material begins to deform plastically, while tensile strength measures the maximum stress a material can withstand while being stretched or pulled before failing. Impact toughness reflects a material's ability to absorb energy and deform without fracturing, showcasing its resilience under sudden impacts.

Ductility refers to the extent to which a material can deform under tensile stress, which is essential for applications requiring materials to be shaped or drawn without breaking. Hardness, on the other hand, indicates a material's resistance to deformation or penetration, reflecting its durability and suitability for various applications.

Collectively, these mechanical properties define the performance and reliability of materials in engineering and construction, guiding material selection for specific applications based on how they will behave under mechanical loads. Understanding these properties is crucial for engineers and designers to ensure that materials are used effectively and safely in various environments."
GRAIN STRUCTURE,MICROSTRUCTURE,1,1,"Grain structure refers to the size, shape, and arrangement of grains in a material, influencing its mechanical properties."
IMR/79,ORGANIZATION,1,1,IMR/79 is a publication discussing advancements and practices in steel processing and its properties.
MIZUSHIMA LABORATORY,ORGANIZATION,1,1,Mizushima Laboratory is part of the Kawasaki Steel Corporation focused on research in steel technologies.
DEFORMATION,PROCESS PARAMETER,4,1,Deformation refers to the process of altering the shape of steel through applied stress during the rolling process.
RECRYSTALLIZATION,PHENOMENON,12,2,"Recrystallization is a significant phenomenon that occurs in metals, particularly during processes involving deformation. This process is essential for refining the grain size of the metal, which directly influences its mechanical properties. Specifically, recrystallization involves the formation of new grains that replace the existing, deformed grains, a transformation that typically occurs when the metal is subjected to heating and deformation.

The recrystallization process enhances the material's strength and ductility by enabling a structure where smaller, more uniform grains provide improved mechanical performance. As the old grains are replaced, the newly formed grains are generally free of the dislocations and defects that can accumulate during deformation. This results in a more desirable microstructure that fosters better properties in the finished metal product.

In summary, recrystallization is a critical process for metalworking that not only aids in the improvement of physical characteristics but also plays a pivotal role in optimizing the performance of metals across various applications."
NICKEL,ALLOYING ELEMENT,3,4,"Nickel is a chemical element that plays a significant role as an alloying agent in the production of steel. It is known for its ability to enhance the mechanical properties of steel, particularly its strength and toughness. By incorporating nickel into steel, manufacturers can improve the material's resistance to corrosion, which is essential for many applications where durability and longevity are critical.

As an alloying element, nickel contributes to the robust properties of controlled-rolled steel, especially when combined with other elements like niobium (Nb) and vanadium (V). This combination allows for the development of steel grades with superior performance characteristics, making nickel a valuable addition in various steel formulations.

In summary, nickel is integral to modern steel production, improving both its mechanical properties and corrosion resistance, thereby enhancing the overall quality and lifespan of steel products."
HIGH TEMPERATURE,PROCESS PARAMETER,2,2,"High temperature refers to the elevated thermal conditions essential for both recrystallization and controlled rolling processes in steel production. These processes are critical for enhancing the mechanical properties of steel, ensuring it meets specific performance requirements. In the context of steel manufacturing, high temperature facilitates the controlled rolling and deformation processes, which are necessary to achieve desirable microstructural changes in the material. By maintaining these elevated thermal conditions, manufacturers can optimize the strength, ductility, and overall quality of the steel product. Thus, high temperature plays a pivotal role in the steel production industry, affecting both the processing techniques and the final characteristics of the steel."
LOW TEMPERATURE,PROCESS PARAMETER,1,1,Low temperature is critical in controlled rolling to improve toughness and mechanical properties of steel.
NB-FREE STEEL,MATERIAL,1,1,"Nb-free steel is a type of steel where niobium is not added, and it is associated with improved notch toughness when specific rolling conditions are met."
PRECIPITATION HARDENING,PROCESS,3,3,"Precipitation hardening is a specialized heat treatment process designed to enhance the strength of various materials, particularly metals. This process operates primarily by inducing the formation of small precipitates, or dense clusters of alloying elements, within the metal matrix. These fine particles play a crucial role in strengthening the material by obstructing dislocation movement, which is a primary mechanism of deformation in metals. 

The technique is particularly effective for malleable materials, including but not limited to steel. By promoting the formation of these small precipitates, precipitation hardening significantly increases the yield strength of these metals. The controlled heat treatment encourages the alloying elements to cluster together, thereby creating a microstructure that is more resistant to shear and plastic deformation.

In summary, precipitation hardening is an essential process that enhances the mechanical properties of metals by utilizing strategic heat treatment to form small precipitates, effectively increasing their strength and performance in various applications."
NOTCH TOUGHNESS,MECHANICAL PROPERTY,3,1,"Notch toughness refers to the ability of a material to absorb energy and plastically deform without fracturing, particularly when notched or having stress concentrators."
BAINITE,PHASE,7,3,"Bainite is a significant microstructural phase in steel, known for its impressive balance of strength and ductility or toughness. It forms during the isothermal transformation or cooling of austenite, which is a face-centered cubic (FCC) form of iron that exists at high temperatures. Bainite is characterized by its unique microstructure, which develops under specific cooling conditions, resulting in mechanical properties that are highly desirable for various steel applications.

The formation of bainite occurs as a result of the transformation of austenite, a process that can take place at lower temperatures compared to the formation of other microstructures, such as pearlite or martensite. When austenite is cooled and held at a constant temperature, bainite starts to precipitate out in a manner that combines the benefits of both strength and toughness. This makes bainite a crucial phase in advanced steel materials designed for high-performance applications. 

The combination of properties provided by bainite is particularly important in settings where parts are subjected to high stress and require both resilience and the ability to deform under pressure without fracturing. Overall, the formation of bainite in steel contributes significantly to the material's overall performance, making it a preferred choice in many engineering and structural applications."
BISRA GROUP,ORGANIZATION,1,1,The BISRA group is a research body that conducted foundational studies in controlled rolling technology during the 1960s.
PHILLIPS AND CHAPMAN,PERSON,0,1,Phillips and Chapman were researchers who contributed significantly to the understanding of controlled rolling in steel processing.
HALL AND PETCH,PERSON,1,1,"Hall and Petch are significant figures in metallurgical research known for the Hall-Petch relation, linking grain size to yield stress in materials."
HIGHTEMPERATURE,PROCESS PARAMETER,0,1,High temperature refers to a thermal condition employed during the processing of materials to achieve desired microstructural changes.
LOW FINISHING TEMPERATURE,PROCESS PARAMETER,1,1,Low finishing temperature is a processing condition aimed at improving steel properties by preventing excessive grain growth during rolling.
ARCTIC-TEMPERATURE SERVICE,PHENOMENON,0,1,"Arctic-temperature service relates to the use of steel products in extremely cold environments, requiring specialized materials for durability."
Γ-GRAIN STRUCTURE,MICROSTRUCTURE,0,1,"γ-grain structure refers to the face-centered cubic phase of steel, which is critical in defining the material's properties during heat treatment."
Α-GRAIN STRUCTURE,MICROSTRUCTURE,0,1,"α-grain structure indicates the body-centered cubic phase of steel, influencing its mechanical characteristics post-heat treatment."
COARSE Γ,MICROSTRUCTURE,1,1,Coarse γ refers to larger grain structures of the γ-phase that typically decrease toughness in metallurgical processes.
FINE Α,MICROSTRUCTURE,1,1,Fine α refers to small grains of the α-phase that enhance toughness and strength in steels.
DUCKWORTH ET AL.,PERSON,2,1,"Duckworth et al. are researchers who explored the effects of low carbon content and niobium on the mechanical properties of steel, and proposed new types of steel with improved weldability and toughness."
PEARLITE-FREE STEEL,STEEL GRADE,1,1,"Pearlite-free steel is a steel composition aimed at improving toughness by minimizing the amount of pearlite, which can be detrimental to certain mechanical properties."
PEARLITE-REDUCED STEEL,STEEL GRADE,1,1,"Pearlite-reduced steel has a lower proportion of pearlite, enhancing toughness and strength due to the modifications in the microstructure."
ALPHA,PHASE,8,2,"ALPHA is a phase in steel that plays a crucial role during the transformation process from austenite. This phase is characterized by a specific grain structure that alters as steel undergoes cooling or deformation. The formation of Alpha occurs as temperatures fall and the material transitions from austenitic structure, leading to a coarse grain structure under certain conditions. 

During this phase transition, Alpha exhibits distinct characteristics that influence the mechanical properties of steel, making it significant in various applications. The transformation from austenite to Alpha is an integral part of metallurgical processes, ensuring that steel achieves desired performance attributes based on its grain structure.

In summary, ALPHA refers to a critical phase in steel production and processing that emerges under particular temperature and deformation conditions, characterized by a specific grain structure which can impact the overall properties of the material."
GAMMA,PHASE,5,3,"GAMMA refers to a specific phase known as austenite, represented by the symbol γ, that occurs in certain steels, particularly at elevated temperatures. This phase plays a significant role in the physical structure of steel materials during various metallurgical processes, including recrystallization and precipitation. 

In the context of steel's microstructural behavior, gamma phase is crucial as it exists at high temperatures where it facilitates essential transformations within the material. Upon cooling, gamma can transform into alpha phase, signifying a transition that is important for determining the final properties of the steel. 

The presence of the gamma phase is critical in steelmaking processes, as it influences hardness, strength, and ductility. Understanding the behavior of the gamma phase allows metallurgists to optimize thermal treatment and develop steel tailor-made for specific applications. Therefore, the study of this phase is integral not only to the scientific understanding but also to the practical applications of steel in various industries."
CONTINUOUS ROLLING,PROCESS,1,1,Continuous rolling is a process in metallurgical manufacturing where metal is deformed continuously to achieve desired dimensions and properties.
FINE-GRAINED,MICROSTRUCTURE,3,1,Fine-grained microstructure refers to a very small grain size of the metallic structure which improves strength and toughness through mechanisms like grain boundary strengthening.
WARM-WORKED,PROCESS PARAMETER,2,1,Warm-worked refers to the thermal treatment applied to metals that facilitates deformation at temperatures typically between 700°C and 1000°C.
UPPER BAINITIC STRUCTURE,MICROSTRUCTURE,2,1,Upper bainitic structure is a specific type of bainite that forms at higher temperatures during the transformation of austenite and has beneficial properties for steel.
COARSE GRAIN,MICROSTRUCTURE,2,2,"Coarse grain refers to a specific grain structure characterized by larger-sized grains in the microstructure of steel. This structure can adversely affect the material's overall mechanical properties. Specifically, the presence of coarse grains can lead to a reduction in toughness, which is crucial for the material's ability to absorb energy and resist fracture when subjected to stress. Additionally, a larger grain size negatively influences both hardness and ductility, making the steel less effective in applications where these properties are essential. Consequently, understanding the implications of coarse grain structure is critical in steel manufacturing and treatment processes, as it plays a significant role in determining the performance qualities of the final product."
ASTM 5,STEEL GRADE,0,1,"ASTM 5 specifies a coarse grain size for steel, used as a standard reference in metallurgical testing."
ASTM 6,STEEL GRADE,0,1,"ASTM 6 denotes a finer grain size requirement for steel, which can enhance mechanical properties."
INTERMEDIATE TEMPERATURE RANGE,PROCESS PARAMETER,0,1,The intermediate temperature range refers to specific temperatures (1000°C to 900°C) during processing where deformation helps refine microstructure.
COOLING,PROCESS,1,1,Cooling is a critical process parameter that affects the transformation of phases in steel and influences its final microstructure.
TRANSFORMATION MODE,PHENOMENON,1,1,"Transformation mode is a phenomenon describing the specific ways austenite converts to other phases, affecting the resulting microstructure and properties of the steel."
GRAIN BOUNDARIES,PHENOMENON,2,2,"Grain boundaries are essential regions within metallic structures that significantly influence the material's physical properties, including strength, ductility, and overall performance. These boundaries serve as the interfaces between individual grains in a metal's microstructure, playing a pivotal role in determining how the material behaves under various conditions.

One of the primary functions of grain boundaries is to affect grain growth and phase transformations within metals. During processes such as heating or deformation, the characteristics of grain boundaries can determine how grains expand or change phase, which ultimately impacts the mechanical properties of the material. As such, understanding the nature of these boundaries is crucial for materials science and engineering, as they can dictate a metal's strength and its capacity to withstand stress.

Grain boundaries are not merely passive interfaces; they actively contribute to the overall structural integrity of metals. Their configurations and characteristics can lead to variations in properties, such as resistance to deformation and fatigue. Overall, the study of grain boundaries is vital for optimizing the performance of metallic materials in various applications, ranging from construction to aerospace engineering. Therefore, comprehending how these boundaries operate and affect grain behavior is fundamental in the pursuit of advanced materials with tailored properties."
DEFORMATION BAND,PROCESS PARAMETER,4,1,"Deformation bands are structures formed during the deformation of austenite in steel, providing sites for the nucleation of the alpha phase."
FERROUS ALLOY,MATERIAL,0,1,A ferrous alloy is a metal that primarily contains iron and possesses various mechanical properties due to the inclusion of other elements.
STRENGTH,MECHANICAL PROPERTY,5,2,"STRENGTH refers to the capacity of materials to withstand various types of loads without failure. This concept is foundational in materials science and engineering, and it encompasses different forms of strength, including tensile, compressive, and shear strengths. Tensile strength denotes the resistance of a material to being pulled apart, while compressive strength relates to its ability to resist being compressed or squashed. Shear strength, on the other hand, describes the material's ability to resist forces that act parallel to its surface.

An illustrative example of strength can be seen in materials like steel, which is well-known for its high tensile and compressive strength. This property allows steel to be used in construction and manufacturing where durability and resilience are essential. The different types of strength of a material enable engineers and designers to select appropriate materials for specific applications, ensuring that structures are safe and effective under expected loads.

In summary, STRENGTH in materials refers to their ability to withstand applied loads, encompassing various strengths crucial for applications in engineering and construction."
SUBGRAIN,MICROSTRUCTURE,2,1,Subgrains are smaller crystalline regions that form within grains of a material and contribute to increased strength.
BAINITIC STRUCTURE,MICROSTRUCTURE,1,1,"Bainitic structure is a microstructure formed in steel when it cools at specific rates, providing a combination of strength and toughness."
CARRIAGE,EQUIPMENT,1,1,Carriage systems are utilized in manufacturing processes to transport steel materials during hot working operations such as controlled rolling.
STATIC RECRYSTALLIZATION,PROCESS,4,3,"Static recrystallization is a metallurgical process that occurs in metals, particularly after they have undergone deformation, such as hot working. This process involves the formation of new, stress-free grains within the deformed microstructure of the metal while it is maintained at a constant temperature. Unlike dynamic recrystallization, which happens concurrently with deformation, static recrystallization takes place during subsequent cooling or aging of the material, where new grains emerge without the need for further deformation. 

A key aspect of static recrystallization is its ability to improve the mechanical properties of the material. As the new grains form at room temperature, they modify the microstructure of deformed steel, which enhances its strength, ductility, and overall performance. By providing a mechanism for the material to recover from the effects of previous stress and strain, static recrystallization plays a crucial role in metal processing and can significantly extend the use and lifespan of metallic components.

In summary, static recrystallization is a critical phase in the processing of metals that promotes structural recovery and mechanical enhancement by enabling new grain formation in the deformed microstructure without additional deformation, typically occurring after the material has been heat treated or cooled."
DYNAMIC RECOVERY,PROCESS,4,1,"Dynamic recovery is a softening mechanism that occurs during steel deformation, where dislocations rearrange to reduce stored energy without changing the microstructure significantly."
DYNAMIC RECRYSTALLIZATION,PROCESS,3,2,"Dynamic recrystallization is a significant process that takes place during the deformation of materials, particularly steels, at elevated temperatures. This phenomenon involves the formation of new, strain-free grains as the material is subjected to mechanical deformation. The creation of these new grains is critical for enhancing the material's formability during high-temperature processing. 

As the material undergoes deformation, existing grains can become elongated and work-hardened, making further deformation more difficult. However, dynamic recrystallization allows for the generation of fresh grains that are not impacted by prior strain, which helps restore ductility and promotes easier shaping of the material. This process is essential in various manufacturing and metallurgical applications, where maintaining the integrity and performance of steel and other materials under stress is vital. 

Overall, dynamic recrystallization plays a crucial role in improving the mechanical properties and workability of steel during processes such as forging, rolling, and extrusion, especially when performed at high temperatures."
ZENER-HOLLOMON PARAMETER,PROCESS PARAMETER,1,1,The Zener-Hollomon parameter describes the thermodynamic conditions under which dynamic recrystallization occurs and impacts the grain size of recrystallized austenite.
GRAIN SIZE,MECHANICAL PROPERTY,11,3,"Grain size is a fundamental mechanical property that significantly influences the strength and toughness of materials. It pertains to the average size of individual grains within a material's microstructure. This characteristic is crucial for determining various mechanical properties, among them toughness, strength, and ductility. Overall, grain size plays an essential role in the performance and structural integrity of materials, making it a key factor in materials science and engineering."
TEMPERATURE,PROCESS PARAMETER,4,3,"The term ""TEMPERATURE"" refers to the specific thermal conditions that are integral to the processing and testing of various materials, particularly in the context of their mechanical properties. It plays a vital role in determining how materials behave under different conditions, influencing critical factors such as toughness and fracture behavior.

Temperature is especially crucial in the field of metallurgy, where it affects processes like steel deformation and recrystallization. These processes are pivotal in shaping the microstructure of steel, which directly impacts its flow stress and overall performance characteristics. Therefore, controlling temperature during processing is essential, as it directly correlates with the mechanical integrity and durability of the resulting materials.

In summary, temperature serves as a fundamental parameter in material science, significantly affecting the mechanical properties of materials, particularly metals like steel. It is a determining factor in their processing and testing stages, influencing microstructural changes and the resultant material behaviors under various operational conditions."
FLOW STRESS,MECHANICAL PROPERTY,2,1,"Flow stress is the stress required to deform the material plastically, which varies with strain and temperature during the deformation process."
CONDUSIVE ROLLING,PROCESS,1,1,Controlled rolling is a process involving the hot rolling of steel where temperature and strain are managed to refine grain structure.
ASTM NO. 2 TO 7,STEEL GRADE,1,1,ASTM No. 2 to 7 describes different grades of steel based on their mechanical properties and microstructural characteristics post-deformation.
STATIC RECOVERY,PROCESS,0,1,"Static recovery is a process occurring in steel where dislocations rearrange to reduce dislocation density after deformation, occurring typically after dynamic processes."
IDLE TIME,PROCESS PARAMETER,0,1,"Idle time refers to the time duration during which the material is held at a specific temperature without further deformation, impacting the static recrystallization process."
DISLOCATION DENSITY,MECHANICAL PROPERTY,2,3,"Dislocation density refers to the quantification of dislocations within a material's microstructure, characterizing the number of these defects present in a crystalline structure. It plays a critical role in determining a material's mechanical behavior, particularly during deformation processes. Higher dislocation densities typically correlate with enhanced yield strength, making it a significant factor in the overall mechanical properties of materials. As such, dislocation density not only influences the strength but also affects various other attributes related to the material's performance under stress. Understanding dislocation density is essential for predicting and optimizing the mechanical characteristics of materials in engineering and manufacturing applications."
PLAIN C STEEL,MATERIAL,1,1,Plain C steel is a type of steel that is primarily composed of carbon and is known for its basic mechanical properties and ease of use in various applications.
NB STEEL,MATERIAL,7,2,"NB STEEL is a specialized type of steel that incorporates niobium as a key alloying element. This inclusion significantly enhances the material's mechanical properties, making it particularly strong and tough. Nb steel is especially noted for its performance in the austenite-ferrite region, which is crucial for applications requiring resilience under diverse conditions. Additionally, the presence of niobium allows Nb steel to maintain its mechanical integrity even at elevated temperatures, making it suitable for high-performance applications. Overall, Nb steel stands out for its combination of strength, toughness, and improved high-temperature performance, stemming from the unique properties that niobium imparts to the alloy."
RECRYSTALLIZED GRAIN SIZE,MECHANICAL PROPERTY,0,1,"Recrystallized grain size refers to the size of grains in a material after a recrystallization process, influencing the mechanical properties of steel such as toughness and strength."
ROLLING TEMPERATURE,PROCESS PARAMETER,0,1,Rolling temperature is a parameter in metalworking that affects the deformation and recrystallization behavior of steel during rolling.
REDUCTION,PROCESS PARAMETER,1,1,"Reduction refers to the amount of deformation applied during the rolling process, impacting factors such as grain structure and mechanical properties."
GRAIN REFINEMENT,PHENOMENON,12,2,"Grain refinement is a significant phenomenon in materials science that enhances the microstructure of metals by decreasing their grain size, consequently improving their mechanical properties. This process is particularly relevant in various manufacturing and fabrication techniques, as finer grains typically lead to better strength, toughness, and ductility in metallic materials. 

The phenomenon of grain refinement occurs under specific conditions during deformation, particularly in the non-recrystallization region. This refers to the stage in which the metallic material is subjected to stress and strain without undergoing a complete change in its microstructural configuration. As deformation continues, grain size decreases, which can lead to improvements in the overall performance characteristics of the metal. However, this process has a limiting value; once the grain size reaches a certain threshold, further reduction cannot be achieved unless the material enters the two-phase region during additional deformation.

In the two-phase region, which typically involves a combination of different phases within the metal, grain refinement can continue beyond the initial limiting value. This highlights the complexity of the grain refinement process, as the interactions between different phases can influence the material's properties and behavior. The understanding of grain refinement is crucial for engineers and materials scientists, as it affects how metals are used in various applications, from construction to automotive and aerospace industries.

In summary, grain refinement is essential for enhancing the mechanical properties of metals by reducing grain size, with its effectiveness depending on the conditions of deformation and the phase state of the material."
COARSE GRAIN STRUCTURE,MICROSTRUCTURE,2,1,"Coarse grain structure is characterized by large crystalline grains within the metal, affecting its mechanical properties negatively, leading to reduced toughness."
MIXED GRAIN STRUCTURE,MICROSTRUCTURE,3,2,"The ""MIXED GRAIN STRUCTURE"" refers to a condition in metals where both refined (fine) and coarse grains coexist within the material. This structural arrangement can significantly influence the mechanical properties of the metal, often resulting in inconsistencies. Specifically, in the case of steel products, a mixed grain structure characterized by the presence of both fine and coarse alpha-grains is particularly noteworthy. This configuration tends to diminish the toughness of the steel, leading to potential challenges in applications where material strength and durability are critical. Overall, the presence of a mixed grain structure in metals can affect their performance, highlighting the importance of controlling grain size during manufacturing processes to ensure optimal mechanical characteristics."
HUGE GRAINS,MICROSTRUCTURE,2,1,"Huge grains refer to particularly large crystal structures in metals, typically formed due to inadequate deformation during processing, adversely affecting toughness."
CRITICAL AMOUNT OF DEFORMATION,PROCESS PARAMETER,0,1,"Critical amount of deformation refers to the minimum amount of deformation required to initiate recrystallization in metals, which varies based on material and processing conditions.>"
RECOVERY REGION,PHASE,0,1,"Recovery region is a phase in metal deformation where internal stresses are relieved without significant recrystallization, leading to the restructuring of the grain boundaries.>"
PARTIAL RECRYSTALLIZATION,PHASE,0,1,"Partial recrystallization refers to a state during metalworking where some grains have recrystallized while others remain unrecrystallized, creating a mixed microstructure.>"
UPPER BAINITE,PHASE,0,1,"Upper bainite is a microstructural phase found in steel that forms at specific temperature ranges during the cooling process, contributing to the mechanical properties of the material.>)<|COMPLETE|>"
C STEEL,STEEL GRADE,2,1,Plain Carbon Steel (C Steel) is a commonly used steel grade known for its high strength and malleability but shows sluggish recrystallization at low temperatures.
MATRIX,MICROSTRUCTURE,1,1,"Matrix refers to the continuous phase in which other phases or particles are embedded in a microstructure, influencing the mechanical properties of the composite material."
CRITICAL AMOUNT OF REDUCTION,PROCESS PARAMETER,1,1,The critical amount of reduction is a process parameter that defines the necessary deformation to facilitate recrystallization and improve grain structure in steel.
LOW-TEMPERATURE TOUGHNESS,MECHANICAL PROPERTY,1,1,"Low-temperature toughness refers to the ability of a material to withstand impact or stress at low temperatures without fracturing, which can be affected by grain structure."
FINE GRAIN,MICROSTRUCTURE,1,1,"Fine grain refers to a grain structure with smaller sized grains, which enhances strength and toughness in metallic materials."
NB,ALLOYING ELEMENT,2,2,"Niobium (Nb) is an important alloying element utilized in steel production, notable for its significant impact on the material's properties and processing characteristics. It plays a crucial role in the recrystallization process of steels, primarily by introducing solute effects that precipitate fine niobium carbide (NbC) and niobium nitride (NbN) particles. These particulate formations are instrumental in delaying recrystallization kinetics, which alters the time required for the initiation of these processes. As a result, niobium helps maintain the steel's microstructure under varying thermal conditions, providing enhanced structural integrity.

In addition to its influence on recrystallization, niobium also contributes to the overall strength and toughness of steel. By preventing excessive grain growth during heat treatment, it ensures a finer grain structure, which is essential for achieving superior mechanical properties. The presence of niobium enhances precipitation hardening mechanisms as well, further augmenting the material's strength. Through these multifaceted effects, niobium serves as a vital component in producing high-performance steels that meet stringent requirements for various applications in construction, automotive, and industrial sectors. 

Overall, niobium’s ability to improve both the processing and final characteristics of steel makes it a key alloying element in metallurgy."
RPT DIAGRAM,PROCESS PARAMETER,1,1,"RPT diagram is a graphical representation used to describe the relation between recrystallization and precipitation times in relation to temperature, helping to understand the delay introduced by solute effects and precipitation."
AVRAMI'S LAW,PROCESS,1,1,"Avrami's Law is a fundamental equation that relates the degree of transformation in phase changes to time, temperature, and the nature of the transformation process."
ISOTHERMAL HOLDING,PROCESS,1,1,"Isothermal holding refers to maintaining a material at a constant temperature for a period of time, often to study precipitation processes or to control microstructural changes."
PRECIPITATION,PHASE,2,1,"Precipitation is a phase transformation process where solute-rich particles are formed within a solid matrix, often leading to changes in mechanical properties, such as strength and ductility."
TIME CONSTANT,PROCESS PARAMETER,1,1,"Time constant is a parameter in Avrami's Law representing the time scale over which transformation processes occur, influencing the kinetics of recrystallization and precipitation."
TIME-TEMPERATURE-PRECIPITATION DIAGRAM,PROCESS PARAMETER,1,1,"Time-temperature-precipitation diagram is used to visualize the influence of time and temperature on the precipitation of phases such as Nb(C, N), which can intervene in recrystallization kinetics."
DEFORMATION TEMPERATURE,PROCESS PARAMETER,1,1,"Deformation temperature is the temperature at which materials undergo deformation, influencing their mechanical properties during processing."
GRAIN-BOUNDARY AREA,PHENOMENON,2,1,"The grain-boundary area refers to the interfacial area where grains meet in a crystalline material, affecting properties such as strength and ductility."
NON-RECRYSTALLIZATION REGION,PHASE,5,2,"The ""non-recrystallization region"" is a distinct phase zone characterized by deformation processes that occur without the process of recrystallization. This unique processing phase plays a crucial role in influencing microstructure evolution within materials. During deformation in this region, significant microstructural changes take place, which may limit grain refinement. As a result, the mechanical properties of the material can be affected, making the understanding of this region essential for applications that require precision in material strength and behavior under stress. The non-recrystallization region thus represents a critical aspect of material science, particularly in processes where control over microstructural characteristics is vital."
NICKEL ALLOY,STEEL GRADE,0,1,"Nickel alloys are steel grades that include nickel, known for their enhanced toughness and ductility, which makes them suitable for various applications."
NUCLEATION RATE,PROCESS PARAMETER,1,1,Nucleation rate is the rate at which new phases or grains form during phase transformations within materials.
ASTM GRAIN-SIZE NO.,PROCESS PARAMETER,1,1,"ASTM grain-size number is a standardized measure to describe the average size of grains in materials, affecting their mechanical properties."
TRANSFORMATION,PROCESS,1,1,"Transformation is the process where a material changes from one phase to another, affecting its mechanical and physical properties."
HEAVY ROLLING,PROCESS,1,1,"Heavy rolling is a metalworking process that involves substantial deformation of material, affecting its grain structure and mechanical properties."
TWO-PHASE REGION,PHASE,3,1,"The two-phase region, denoted as γ-α, refers to the region in which both austenite and ferrite phases coexist, allowing for unique mechanical properties and microstructural characteristics during deformation."
MICROSTRUCTURAL CHANGE,PHENOMENON,3,1,"Microstructural change refers to variations in the arrangement of particles at the micro level, induced by deformation processes in specific regions, influencing overall material properties."
NICKEL-BORON STEEL,STEEL GRADE,2,1,"Nickel-boron steel is a grade of steel alloyed with nickel and boron to improve its mechanical properties, particularly hardness and toughness, and is often subjected to processes like controlled rolling."
YIELD STRENGTH,MECHANICAL PROPERTY,7,3,"Yield strength is a fundamental mechanical property that describes the maximum stress that a material can endure before undergoing permanent, or plastic, deformation. This means that when a force is applied to a material, yield strength indicates the point at which the material no longer returns to its original shape upon the removal of that force. It plays a critical role in determining how materials perform under various loading conditions, making it an essential factor in engineering and materials science.

The yield strength is quantified as the amount of stress required to initiate plastic deformation in a material. This property can be enhanced through certain deformation processes, which alter the material's internal structure, thereby increasing its ability to withstand applied stresses without yielding. Understanding and measuring yield strength is vital for engineers and designers, as it helps ensure that materials are selected appropriately for their intended application, maintaining structural integrity and performance.

In summary, yield strength is a key metric for assessing the mechanical performance of materials, signifying the limit beyond which they experience irreversible deformation."
TENSILE STRENGTH,MECHANICAL PROPERTY,1,1,"Tensile strength is the maximum amount of tensile stress that a material can withstand before failure, and it increases with certain deformation techniques."
TRANSFORMATION TEMPERATURE,PROCESS PARAMETER,2,2,"Transformation temperature is the critical temperature point at which phase transformations occur in materials, particularly in steel. This temperature is essential for various metallurgical processes, such as recrystallization and hardening, facilitating changes in the material's microstructure and mechanical properties. In the context of applications like controlled rolling, the transformation temperature plays a significant role in determining how the material behaves during processing. Understanding this temperature is vital for optimizing manufacturing techniques and ensuring the desired characteristics of the final product. Thus, transformation temperature serves as a fundamental parameter in both the study and practical application of material science related to steel and other similar materials."
POLYGONAL GRAINS,MICROSTRUCTURE,0,1,Polygonal grains are a type of microstructure characterized by a shape resembling polygons and may form during recrystallization processes in materials.
SUBGRAINS,MICROSTRUCTURE,1,1,"Subgrains are smaller, distorted grains that form within larger grains as a result of mechanical deformation, impacting the material's properties."
BORON,ALLOYING ELEMENT,1,1,"Boron is an alloying element that improves hardenability and strengthens steel, particularly in small quantities."
"NB(C, N)",ALLOYING ELEMENT,1,1,"Nb(C, N) refers to niobium carbide/nitride, which forms in the microstructure during processing and contributes to grain refinement and mechanical properties."
CHARPY IMPACT PROPERTIES,MECHANICAL PROPERTY,1,1,"Charpy impact properties measure a material's toughness and ability to absorb energy during fracture, often evaluated through impact tests."
INTERACTION,PHENOMENON,1,1,Interaction describes the effects and phenomena that occur when different phases or microstructures coexist and influence each other during mechanical processes.
DILATOMETRIC METHODS,PROCESS,1,1,"Dilatometric methods are techniques used to measure thermal expansion and contraction of materials, particularly under specific conditions of controlled rolling."
STRIAN-INDUCED AR3 TEMPERATURE,PROCESS PARAMETER,1,1,"The strain-induced Ar3 temperature is a specific temperature at which austenite transforms into ferrite, influenced by the amount of reduction in processing."
MARTENSITE,MICROSTRUCTURE,5,1,"Martensite is a hard microstructure formed when steel is rapidly quenched from the austenite phase, resulting in high hardness but lower ductility."
POLYGONAL FERRITE,MICROSTRUCTURE,4,4,"Polygonal ferrite is a specific form of ferrite characterized by its polygonal shape and fine-grained microstructure, commonly found in low carbon steels. This unique structure plays a significant role in enhancing the mechanical properties of steel, particularly its ductility, strength, and low-temperature toughness.

In low carbon steels, polygonal ferrite contributes to improved ductility, making these steels more malleable and easier to work with. The presence of polygonal ferrite is particularly beneficial during processes such as controlled rolling, where careful manipulation of temperature and deformation results in the formation of this fine-grained microstructure.

When polygonal ferrite is produced in finer sizes, it not only enhances ductility but also strengthens the overall steel, contributing to its toughness. This microstructural arrangement is a crucial phase in steel processing, as it significantly influences the material's mechanical characteristics. Overall, polygonal ferrite serves as an important component in ensuring that low carbon steels possess both desirable strength and toughness attributes after processing, making it vital for various applications in engineering and manufacturing."
PEARLITE,MICROSTRUCTURE,3,2,"Pearlite is a distinctive layered microstructure found in steel, characterized by alternating layers of ferrite and cementite. This microstructure typically forms during the slow cooling process of steel, a phenomenon that enhances the material's mechanical properties. Specifically, pearlite significantly contributes to the overall strength and toughness of steel, making it an essential factor in various engineering applications. The alternating nature of the layers within pearlite allows for a balance of hardness and ductility, which is crucial for many structural components. Overall, pearlite plays a vital role in the performance and durability of steel."
TEXTURE DEVELOPMENT,PHENOMENON,2,1,"Texture development refers to the orientation distribution of the crystallites in materials, significantly influencing the mechanical properties of rolled steels."
INTENSITY IN TEXTURE,MECHANICAL PROPERTY,1,1,"Intensity in texture indicates the degree of alignment of crystallites in the material, affecting its mechanical performance during deformation."
CONTROLLED-ROLLED STEEL,MATERIAL,18,3,"Controlled-rolled steel is a specialized form of steel that undergoes a precise processing method to achieve targeted mechanical properties. This type of steel is characterized by controlled rolling, which takes place under specific parameters designed to optimize its performance characteristics. The primary goal of this processing technique is to enhance the steel's mechanical properties, which include, but are not limited to, strength and ductility.

One of the key advantages of controlled-rolled steel is its capability to minimize plane anisotropy, allowing for more uniform performance across different directions within the material. Additionally, this process helps to reduce the risk of embrittlement in the through-thickness direction, a critical factor for applications requiring robust and reliable materials. By controlling the rolling conditions, manufacturers can achieve a balance that emphasizes desired traits while mitigating potential weaknesses.

In summary, controlled-rolled steel is engineered through meticulous processing to secure enhanced mechanical attributes, making it a vital choice for various industrial applications that demand high-strength and ductile materials with minimized anisotropy and improved overall performance."
LOW MN AND/OR NI CONTENT,ALLOYING ELEMENT,1,1,"Low manganese and/or nickel content in steel affects its microstructure and properties, leading to the formation of specific phases like α-structure."
HIGH MN AND/OR NI CONTENT,ALLOYING ELEMENT,1,1,High manganese and/or nickel content in steel can influence the development of bainite microstructure and enhance mechanical properties.
PLANE ANISOTROPY,PHENOMENON,2,1,"Plane anisotropy refers to the directional dependence of mechanical properties in materials, particularly in steel, which can lead to varying performance under different loading conditions."
EMBRITTLEMENT,PHENOMENON,2,1,"Embrittlement is a phenomenon that reduces a material's ability to deform plastically, leading to brittle failure under stress conditions, particularly in the through-thickness direction in controlled-rolled steel."
CHARPY IMPACT ENERGY,MECHANICAL PROPERTY,1,1,"Charpy impact energy is a measure of the energy absorbed by a material during fracture, evaluated using the Charpy test, which is crucial for understanding ductility and brittleness in materials like steel."
TRANSITION TEMPERATURE,PROCESS PARAMETER,10,4,"The term ""transition temperature"" refers to a critical temperature that signifies a change in material behavior, particularly regarding the mechanical properties of materials like steel. This transition is essential as it marks the point at which a material transitions from a ductile state to a brittle state. Factors such as grain size and various strengthening contributions play a significant role in determining the exact transition temperature for different materials.

Understanding the transition temperature is vital for predicting how materials will perform under different stress conditions. When materials are subjected to varying temperatures, their strength and ductility can be significantly affected. At temperatures above the transition temperature, materials typically exhibit ductile behavior, allowing them to deform without fracturing. Conversely, below the transition temperature, materials behave in a brittle manner, making them more susceptible to failure under stress.

This temperature is particularly important in applications involving steel, as it can greatly influence the durability and reliability of steel components in construction and manufacturing. The transition temperature provides engineers and material scientists with critical insights into how materials will behave in real-world applications, thereby informing material selection and engineering design to ensure optimal performance. 

In summary, the transition temperature is a key parameter in materials science that delineates the point at which materials shift from ductility to brittleness, with major implications for their strength, performance, and longevity, especially in demanding environments."
INAGAKI ET AL.,PERSON,1,1,"Inagaki et al. are researchers who theoretical and experimental examined the effects of textures in controlled-rolled steel on mechanical properties, contributing greatly to understanding material behavior."
TANAKA,PERSON,3,2,"T. Tanaka is a distinguished author and researcher whose contributions significantly impact the field of materials science, particularly in relation to steel and its properties. He specializes in studying the structure and characteristics of dual-phase steels, which are known for their strength and excellent formability—a combination essential for various industrial applications. Through his research, Tanaka has delved deeply into the complexities of these materials, exploring how their microstructural elements influence overall performance.

In addition to his work on dual-phase steels, Tanaka is recognized for his expertise in controlled rolling techniques, which are pivotal in optimizing the mechanical properties of steel. His focus on processing techniques showcases how manipulating the rolling conditions can enhance the material's strength and durability while maintaining other vital properties. This dual focus on both the structural analysis and processing methodologies highlights Tanaka's comprehensive approach to steel research, aiming not only to understand the materials better but also to develop practical applications that improve their performance in real-world settings.

Overall, T. Tanaka's research contributions are vital to advancing the knowledge of steel properties and processing methods, fostering innovations within the metallurgical field."
SUSCEPTIBILITY TO CLEAVAGE FRACTURE,MECHANICAL PROPERTY,1,1,"Susceptibility to cleavage fracture characterizes a material's tendency to crack along specific planes under stress, particularly relevant in the evaluation of brittle materials."
CLEAVAGE FRACTURE,PHENOMENON,1,1,Cleavage fracture is a type of brittle fracture that occurs when a material fails along specific crystallographic planes under stress.
MNS,ALLOYING ELEMENT,2,1,Manganese sulfide (MnS) is an inclusion in steel that can initiate cracks and impacts the fracture strength and toughness of the material.
SEPARATION,PHENOMENON,3,2,"Separation is a phenomenon that manifests as a defect in steel, closely linked to the material's microstructure and processing conditions. It occurs when there are flaws or cracks within the material, often resulting from anisotropic behavior, which refers to the directional dependence of a material's properties. This defect can have a significant impact on the mechanical properties of steel, compromising its performance and structural integrity. Therefore, understanding the nuances of separation is crucial in the fields of material science and engineering, as it highlights the importance of careful processing and treatment of steel to ensure its reliability and strength."
UNAXIAL YIELD STRESS,MECHANICAL PROPERTY,1,1,Uniaxial yield stress is the stress at which a material begins to deform plastically and is an important property in assessing material performance under load.
DIMENSIONAL ANISOTROPY,MICROSTRUCTURE,2,1,"Dimensional anisotropy refers to the directional dependence of material properties, which can significantly influence fracture behavior and mechanical performance."
CONTROLLED-ROLLED STEELS,PROCESS,2,1,Controlled-rolled steels are made through a specific manufacturing process that involves rolling at controlled temperatures to achieve desired mechanical properties.
RARE EARTH METALS,ALLOYING ELEMENT,1,1,"Rare earth metals are a group of metals that can be added to steel to improve its properties, including improving corrosion resistance and mechanical strength."
SULPHIDE,PHASE,2,1,Sulphide is a non-metallic inclusion that can affect the mechanical properties of steel; controlling its shape during processing is critical for performance.
CR,ALLOYING ELEMENT,2,2,"Chromium, abbreviated as CR, is a significant alloying element primarily known for its ability to enhance the properties of steel. It plays a crucial role in increasing the hardness and toughness of the material, making it particularly valuable in the manufacturing and engineering sectors. Additionally, chromium is recognized for its effectiveness in improving the corrosion resistance of steel, contributing to the material's durability and longevity. By strengthening the steel, chromium not only elevates its mechanical properties but also helps in maintaining its structural integrity when exposed to various environmental conditions. Overall, chromium serves as a vital component in the formulation of high-quality steel, benefiting a wide range of industrial applications."
TEMPER EMBRITTLEMENT,PHENOMENON,1,1,"Temper embrittlement is a phenomenon where some steels become brittle as a result of slow cooling after coiling, affecting their mechanical properties."
MARTENSITIC STRUCTURE,MICROSTRUCTURE,5,2,"The martensitic structure is a refined microstructure that forms in steel through a rapid cooling process known as quenching. This microstructure is significant because it plays a crucial role in influencing various mechanical properties of the steel, including its transition temperature. In essence, the formation of a martensitic structure results in steel that exhibits high hardness and strength, making it suitable for applications requiring durable materials. However, this increased hardness can come with a drawback, as the martensitic structure may also lead to brittleness. Thus, while the martensitic structure enhances certain performance characteristics in steel, it presents challenges regarding its overall toughness and resistance to fracture."
HALL-PETCH RELATION,PROCESS,1,1,The Hall-Petch relation is a concept in materials science that describes how the strength of a polycrystalline material increases as the grain size decreases.
TEXTURE HARDENING,PROCESS,1,1,Texture hardening refers to the strengthening effect derived from the orientation of grains in a material.
SUBGRAIN HARDENING,PROCESS,2,1,Subgrain hardening is a mechanism that increases the strength of materials by hindering dislocation motion through the presence of subgrains.
EFFECTIVE GRAIN SIZE,PROCESS PARAMETER,1,2,"Effective grain size is a crucial metric within material science that significantly impacts the mechanical strength and ductility of various materials. This measure not only provides insights into the physical properties of a material but also plays a pivotal role in determining how materials respond under various conditions, particularly regarding their structural integrity and deformation behavior.

The effective grain size concept is a refined approach to understanding grain size in materials. It takes into account the blocking influence that grain boundaries, as well as small angle boundaries, have on the movement of dislocations. Dislocations are defects within the crystal structure of materials that play a key role in plastic deformation. By considering these boundaries, effective grain size offers a more accurate representation of how grain size affects material properties compared to traditional grain size measurements.

This nuanced understanding of grain size enables material scientists and engineers to better predict and manipulate the mechanical properties of materials, facilitating the design of stronger, more ductile materials for various applications."
BAND DENSITY,PROCESS PARAMETER,1,1,"Band density refers to the number of bands in the microstructure of materials, which can influence certain mechanical properties like toughness."
BAND STRUCTURE,MICROSTRUCTURE,1,1,Band structure in materials refers to the arrangement of phases or inclusions that can affect mechanical properties such as ductility and strength.
COLD ROLLING,PROCESS,1,1,"Cold rolling is a metalworking process used to reduce material thickness, which affects the overall mechanical properties of the steel."
DUCTILE-TO-BRITTLE TRANSITION TEMPERATURE,MECHANICAL PROPERTY,3,1,"The temperature at which materials transition from ductile to brittle behavior, inversely proportional to the grain size."
BAINITIC STEEL,STEEL GRADE,1,1,"A type of steel characterized by a specific microstructure formed at certain temperatures, known for its strength and toughness."
DISLOCATION HARDENING,PHENOMENON,4,1,A strengthening mechanism in materials due to the movement and interactions of dislocations within the crystal structure.
SEPARATIONS,PROCESS PARAMETER,1,1,Refers to the formation of distinct sub-grains which can influence the transition temperature and behavior of materials.
SUB-GRAIN STRUCTURE,MICROSTRUCTURE,1,1,A type of microstructure related to recovery and recrystallization processes in metals that affects their mechanical properties.
CONSTANTS,PROCESS PARAMETER,1,1,"Constants such as A, B, and E in equations that influence the transition temperature and describe its dependency on various parameters."
FOREST DISLOCATIONS,PHENOMENON,1,1,"A type of dislocation arrangement in materials that can contribute to strengthening, specifically in relation to the transition temperature."
PHASE,PHASE,0,1,"A state of matter characterized by specific physical properties involving atoms or molecules; in metallurgy, phases relate to structured arrangements in alloy compositions."
AUSTENITE-FERRITE REGION,PHASE,1,1,"Temperature region where both austenite and ferrite phases are present, influencing mechanical properties during processing."
C-MN STEEL,STEEL GRADE,2,3,"C-Mn steel, short for carbon-manganese steel, is a specific category of steel that contains defined amounts of carbon and manganese. This type of steel is well-regarded for its strength, toughness, and versatility, making it suitable for a wide range of structural and engineering applications. C-Mn steel is particularly notable for its performance in low-temperature environments, where its properties contribute to enhanced durability and effectiveness.

The microstructure of C-Mn steel is characterized by features that facilitate dislocation hardening, which helps to bolster its mechanical properties. However, it also shows a lower resistance to recovery processes, a factor that can influence its performance under certain conditions. This combination of strength and toughness, alongside its ease of use across various engineering applications, underscores C-Mn steel's importance in construction and manufacturing sectors.

In summary, C-Mn steel represents a versatile and robust material choice, combining advantageous mechanical characteristics derived from its specific composition and microstructural properties, suitable for both general construction and specialized engineering requirements."
ALLOYING ELEMENTS,ALLOYING ELEMENT,2,1,"Elements added to steel to improve its mechanical properties, such as strength and toughness."
SOLID-SOLUTION HARDENING,PROCESS,1,1,An increase in the strength of alloys resulting from the addition of solute atoms that occupy regular lattice sites of the solvent metal.
MICROALLOYING ELEMENTS,ALLOYING ELEMENT,1,1,"Elements such as Nb and Ti that are added in small amounts to improve the properties of steel, particularly in controlled rolling."
GRAIN GROWTH,PHASE,2,1,"An increase in the size of grains in a material, which can affect its mechanical properties negatively."
COHERENT PRECIPITATES,MICROSTRUCTURE,0,1,"Precipitates that fit well within the crystal lattice of the matrix and can effectively hinder dislocation movement, leading to increased strength."
INCOHERENT PRECIPITATES,MICROSTRUCTURE,0,1,Precipitates that do not fit well in the crystal lattice and generally have little effect on the strength of the matrix at high temperatures.
V,ALLOYING ELEMENT,2,2,"Vanadium (V) is a critical alloying element known for its role in enhancing the mechanical properties of steels. Its primary function is to improve strength and toughness in steel materials through a process called precipitation hardening. Precipitation hardening involves the formation of fine particles within the steel matrix that hinder dislocation motion, resulting in a stronger and tougher steel product. The incorporation of vanadium into steel alloys is essential for applications requiring superior durability and resistance to wear and impact. As a result, vanadium plays a significant role in various industries, including construction, automotive, and aerospace, where high-performance steel is essential."
TI,ALLOYING ELEMENT,1,1,"Titanium, which influences grain growth and aids in refining the microstructure in controlled-rolled steel."
MN,ALLOYING ELEMENT,1,1,"Manganese, an essential element in structural steels that enhances solid-solution hardening and grain refinement."
SI,ALLOYING ELEMENT,1,1,"Silicon, which improves the strength-ductility relationship of controlled-rolled steel at specific concentrations."
CU,ALLOYING ELEMENT,1,1,"Copper, an alloying element that enhances the corrosion resistance and toughness of steel."
HEAT-AFFECTED ZONE,MICROSTRUCTURE,1,1,"The region of the base metal that has been affected by the heat of welding or cutting, which can experience changes in microstructure and hence, properties."
BETA PHASE,PHASE,1,1,A phase in steel that is high-temperature bcc (body-centered cubic) which can affect properties such as toughness.
ALPHA PHASE,PHASE,1,1,A phase in steel that is low-temperature bcc (body-centered cubic) contributing to the overall mechanical properties of steel.
MANGANESE,ALLOYING ELEMENT,1,1,Manganese is an essential element in structural steel that contributes to solid-solution hardening and ferrite grain refinement by lowering the transformation temperature.
CHROMIUM,ALLOYING ELEMENT,1,1,"Chromium is an alloying element that suppresses the formation of a banded structure in steel, preventing the occurrence of separations."
COPPER,ALLOYING ELEMENT,1,1,Copper is an alloying element used in small amounts in steel to enhance specific properties when combined with other elements.
MOLYBDENUM,ALLOYING ELEMENT,2,3,"Molybdenum is a significant alloying element widely utilized in the steel production industry due to its capacity to enhance various properties of steel. One of its primary roles is to increase the strength of steel, which is achieved mainly through a process known as transformation hardening. This property is particularly vital for producing acicular ferrite steel, which is known for its toughness and durability.

In addition to improving strength, molybdenum also contributes to enhanced hardness and resistance to corrosion in steel. These attributes make it an invaluable component in the production of steels that are not only stronger but also more resilient to harsh environments, particularly in applications within the gas and oil industry where durability and reliability are crucial.

Overall, molybdenum's multifaceted contributions to steel production make it indispensable for manufacturers aiming to create high-performance materials suitable for demanding industrial applications."
PLATE MILL,EQUIPMENT,1,1,A plate mill is a type of rolling mill that processes steel slabs into plates but can face challenges in achieving proper reduction per pass.
HOT-STRIP MILL,EQUIPMENT,1,1,"A hot-strip mill is a rolling mill that enables significant reduction per pass, allowing for finer and more uniform structures in the steel produced."
TRANSFORMATION HARDENING,PROCESS,0,1,Transformation hardening is a process that increases the yield strength of steel through mechanisms associated with phase transformations.
ACICULAR FERRITE STEEL,STEEL GRADE,2,1,"Acicular ferrite steel is characterized by fine, needle-like microstructures that enhance strength and toughness in steel products."
MICROSTRUCTURE,MICROSTRUCTURE,3,3,"Microstructure refers to the structure of materials at a microscopic scale, encompassing the arrangement and organization of their internal components such as grains, phases, and defects. This microscopic architecture plays a critical role in determining the mechanical properties and overall performance of materials. Key aspects of microstructure include how grains are sized and shaped, the presence of different phases, and the distribution of defects. These features not only influence the strength, ductility, and toughness of materials but also affect their thermal and electrical conductivity.

Understanding microstructure is crucial for materials science and engineering, as it guides the selection and treatment of materials to achieve desired properties for specific applications. By controlling the microstructure through various processing techniques such as heat treatment, alloying, and mechanical working, researchers and engineers can tailor materials to meet specific performance criteria. Thus, microstructure is fundamental in fields such as metallurgy, ceramics, polymers, and composites, impacting both everyday products and advanced technologies."
GAMMA PHASE,PHASE,1,1,The gamma phase is a face-centered cubic structure of steel that is typically present at high temperatures and influences the transformation processes in steel metallurgy.
PRECEPTS,PROCESS PARAMETER,0,1,Precepts refer to guidelines or principles applied during steel processing to achieve desired mechanical properties.
TOUGHNESS,MECHANICAL PROPERTY,6,3,"Toughness is a significant mechanical property that describes a material's ability to absorb energy and undergo plastic deformation without fracturing. This characteristic is particularly crucial in steel applications, where the material must withstand various stresses and dynamic loads throughout its usage. Toughness is evaluated in the context of materials' performance, especially in the production and treatment of steel, ensuring that the finished products can endure high-impact conditions without failing.

The ability of a material to exhibit toughness is an essential factor for engineers and materials scientists when selecting steel grades for different applications. In practical terms, a tough material can absorb considerable amounts of energy before its structural integrity is compromised, making it suitable for applications that require durability and resilience under stress. 

In summary, toughness encapsulates a material's capacity to deform plastically and absorb energy, emphasizing its importance in the field of metallurgy, particularly when working with steel. This property plays a pivotal role in enhancing the safety and reliability of materials used in various demanding environments."
REDUCTION PER PASS,PROCESS PARAMETER,1,1,"Reduction per pass refers to the amount of thickness reduction applied to the steel during each pass through the rolling mill, affecting the final product's properties."
BRITISH STEEL CORPORATION,ORGANIZATION,3,2,"British Steel Corporation is a prominent manufacturer engaged in steel production, recognized for its expertise in analyzing controlled rolling processes. This organization plays a crucial role in the metallurgical industry, producing a diverse range of steel grades and materials. Through its focus on advanced production techniques, such as controlled rolling, British Steel Corporation enhances the properties of steel, enabling the creation of products that meet various industrial standards and applications. As a significant player in the steel market, it contributes to advancements in metallurgical practices and provides essential materials for numerous industries."
GENERAL STEELS DIVISION,ORGANIZATION,1,1,The General Steels Division is a division of British Steel Corporation focused on minimizing recrystallization and grain growth during steel production.
ROLLING,PROCESS,7,1,Rolling is a metal forming process where material is passed through rollers to reduce thickness and shape it into desired forms.
TOTAL DEFORMATION,PROCESS PARAMETER,2,1,"Total deformation relates to the amount of strain or reduction achieved during the rolling process, affecting the final properties of the material."
MILL LOADING,PROCESS PARAMETER,1,1,"Mill loading is the load applied to rolling mills during the process, crucial for controlling deformation and efficiency of rolling operations."
FINE-GRAINED STRUCTURE,MICROSTRUCTURE,1,1,"Fine-grained structure indicates a microstructure of materials characterized by small disordered grains, enhancing mechanical properties like strength."
ACICULAR FERRITE,PHASE,6,1,"Acicular ferrite is a phase in steel characterized by fine, non-equiaxed grains that enhance mechanical properties, particularly strength."
CEMENTITE,PHASE,1,1,Cementite is a hard compound of iron and carbon (Fe3C) present in steel that affects hardness and strength.
LOW-CARBON STEEL,STEEL GRADE,6,2,"Low-carbon steel, a specific category of steel characterized by its carbon content of less than 0.06%, is recognized for its exceptional ductility and weldability. This composition makes it an ideal material for a wide range of structural applications. Additionally, its notable formability allows for versatility in manufacturing processes, making it a widely used material in the production of various components and structures.

Due to its low carbon content, low-carbon steel exhibits properties that facilitate easier shaping and joining, which is crucial in construction and manufacturing. Its capacity to be welded without complications further enhances its appeal in industries that require strong, durable materials. As a result, low-carbon steel is commonly employed in the creation of products such as automotive body panels, structural beams, and pipes, among others.

Overall, low-carbon steel is a vital material celebrated for its combination of ductility, weldability, and formability, making it a preferred choice in numerous industrial and structural applications."
COILING TEMPERATURE,PROCESS PARAMETER,1,1,"Coiling temperature refers to the temperature at which rolled steel is coiled, crucial for controlling microstructural changes during cooling."
ROUGHER,EQUIPMENT,1,1,The rougher is a piece of equipment in rolling mills that performs the initial heavy reduction of the material during the rolling process.
FINISHER,EQUIPMENT,1,1,"The finisher is a rolling mill equipment that performs the final passes of the material, controlling thickness and surface quality."
HEAVY REDUCTION,PROCESS PARAMETER,1,1,"Heavy reduction refers to the significant deformation applied during rolling, which aids in achieving desired mechanical properties in metal."
FINE-GRAINED POLYGONAL FERRITE,MICROSTRUCTURE,2,1,"Fine-grained polygonal ferrite is a microstructure characterized by small, well-defined grains that enhance the mechanical properties of steel."
BAUSCHINGER EFFECT,PHENOMENON,1,1,"The Bauschinger effect describes the phenomenon where yield strength is reduced due to prior plastic deformation, affecting the mechanical behavior of materials."
DUAL-PHASE STEEL,MATERIAL,4,1,"Dual-phase steel is a type of steel with a microstructure composed of soft ferrite and hard martensite, offering a balance between high strength and good ductility."
HOT ROLLING,PROCESS,0,1,"Hot rolling involves deforming steel at temperatures above its recrystallization temperature, significantly affecting its mechanical properties and microstructure."
HEAVY DEFORMATION,PROCESS PARAMETER,2,1,"Heavy deformation refers to the application of significant strain during processing, which can enhance strength through mechanisms like dislocation hardening."
NIOBIUM(NB),ALLOYING ELEMENT,1,1,"Niobium (Nb) is an alloying element often added to steel to improve strength, toughness, and grain refinement due to its ability to form precipitates."
GRAIN REFINING,PHENOMENON,1,1,"Grain refining is the process of reducing the size of the grains in a material, which generally leads to improved mechanical properties such as strength and toughness."
CHARPY IMPACT TEST,PROCESS PARAMETER,1,1,The Charpy impact test is used to measure the toughness of materials by determining the energy absorbed during fracture.
API X70,STEEL GRADE,1,1,"API X70 grade is a specification for high-strength linepipe steel, known for its mechanical properties sufficient for pipe service in severe environments."
FERRITE-PEARLITE STEELS,STEEL GRADE,1,1,Ferrite-pearlite steels are a composite microstructure of ferrite and pearlite known for their balance of strength and ductility.
PROCESS PARAMETER,PROCESS PARAMETER,0,1,"The term process parameter refers to the specific conditions that affect the manufacturing process, including temperature, strain, and composition."
NORMALIZING,PROCESS,1,1,"Normalizing is a heat treatment process applied to steel to refine its microstructure, improve its mechanical properties, and relieve internal stresses."
QUENCHING,PROCESS,2,1,"Quenching is a rapid cooling process used following heat treatment to harden steel, often resulting in a complex microstructure that enhances strength."
TEMPERING,PROCESS,2,1,"Tempering is a heat treatment applied after quenching, which reduces brittleness and improves toughness in steel."
ARCTIC LINEPIPE STEEL,STEEL GRADE,1,1,"Arctic linepipe steel is specifically formulated for use in cold environments, exhibiting higher strengths and toughness to withstand harsh conditions."
FINE-GRAIN SIZE,PHASE,1,1,"Fine-grain size refers to a microstructural condition in materials, particularly metals, where the smaller grain size contributes to improved mechanical properties."
Γ-MICROSTRUCTURE,MICROSTRUCTURE,1,1,"The γ-microstructure, or gamma-phase, in steel generally refers to the austenite phase that exists at high temperatures, affecting the material's mechanical properties during cooling."
Α-MICROSTRUCTURE,MICROSTRUCTURE,1,1,"The α-microstructure, or alpha-phase, represents the ferrite structure that predominantly appears at lower temperatures in steel and contributes to its composite mechanical properties."
DEFORMATION BANDS,PHENOMENON,2,1,Deformation bands are structures formed in materials during processes that influence nucleation and improve strength properties upon cooling.
SOLUTE-DRAG EFFECT,PHENOMENON,0,1,"The solute-drag effect is a phenomenon where solute atoms hinder the motion of dislocations in a material, affecting its mechanical properties."
NUCLEATION POTENTIAL,PROCESS PARAMETER,1,1,"Nucleation potential refers to the ability of a material to form new phases during cooling or solidification, influencing mechanical properties and microstructural development."
I. KOZASU,PERSON,3,2,"I. Kozasu is a prominent figure in the study of iron and steel, recognized for contributions across various journals and publications within the field. As both an author and researcher, I. Kozasu has focused extensively on advanced topics such as microalloying and the hot deformation processes of steels. Through these studies, I. Kozasu has significantly advanced understanding and knowledge in the metallurgical aspects of iron and steel, demonstrating a commitment to enhancing the academic and practical applications of these materials."
T. SHIMIZU,PERSON,1,1,T. Shimizu is a contributor to research papers focused on the metallurgy of steel.
H. KUBOTA,PERSON,1,1,H. Kubota contributed to the research concerning iron and steel metallurgy and microstructures.
H. SEKINE,PERSON,3,1,H. Sekine is a researcher known for works on alloy microstructures and mechanical properties.
T. MARUYAMA,PERSON,1,1,T. Maruyama is an author who has researched alloy microstructures in metallurgy.
T. TANAKA,PERSON,4,3,"T. Tanaka is a prominent figure in the field of metallurgical research, particularly recognized for significant contributions to the study of hot deformation of steels and their mechanical properties. As an author, T. Tanaka has played a vital role in advancing knowledge in steel processing, which is crucial for various industrial applications. Their work is primarily published in the renowned journal ""Tetsu-to-Hagané,"" where they have shared valuable insights related to the mechanical characteristics and processing techniques of steel. Through these contributions, T. Tanaka has established a notable presence in the academic community focused on metallurgy and materials engineering."
N. TABATA,PERSON,1,3,"N. Tabata is a prominent researcher in the field of metallurgy, with a specific focus on microalloying and its effects on material properties. His work encompasses discussions and research that delve into the enhancements that microalloying can provide in steel processing, reflecting his commitment to advancing knowledge in this area. 

As an author, N. Tabata has co-authored various scholarly papers that contribute significantly to the understanding of metallurgical processes and the performance of steel. His contributions are published in reputable venues, including the respected journal 'Tetsu-to-Hagané', where he has made notable advancements in research surrounding metallurgy.

Through his research and publications, N. Tabata aims to elucidate the complexities of steel processing and the role microalloying plays in enhancing the characteristics of metallic materials. His work is part of a broader effort to innovate and optimize metallurgical practices, highlighting his importance as a researcher and contributor in this domain."
T. HATOMURA,PERSON,3,2,"T. Hatomura is an accomplished author recognized for his contributions to the field of metallurgical research. He has notably contributed to the publication ""Tetsu-to-Hagané,"" which is a significant work in the area of metallurgy. In addition to his writing, T. Hatomura is actively engaged in research focusing on the properties and processing of microalloyed steels. His work aims to enhance the understanding and application of these materials, which are essential in various industrial applications due to their unique characteristics and performance benefits. Through his research and publications, T. Hatomura plays a vital role in advancing metallurgical knowledge and practices."
C. SHIGA,PERSON,1,1,C. Shiga is an author associated with research in microalloying and steel properties.
UNION CARBIDE CORPORATION,ORGANIZATION,2,2,"Union Carbide Corporation is an industrial company actively engaged in the manufacturing of materials and the development of processing techniques. It has garnered recognition particularly for its significant contributions to the fields of metallurgy and microalloying. The corporation is known for its innovative approaches and advancements in steel research, which are documented in various publications. 

Union Carbide Corporation's involvement in microalloying involves studying and developing techniques that enhance the properties of steel, ultimately contributing to improved performance in various applications. Through its research initiatives, the company has become a notable contributor to the advancements in metallurgy, positioning itself as a key player in the industry. 

Overall, Union Carbide Corporation stands out for its commitment to research and development in manufacturing and processing techniques, especially in the realm of microalloying and steel innovation."
THE IRON AND STEEL INSTITUTE OF JAPAN,ORGANIZATION,1,1,The Iron and Steel Institute of Japan is a professional organization focusing on studies and advancements in steel technology.
METALLURGICAL SOCIETY OF AIME,ORGANIZATION,1,1,The Metallurgical Society of AIME is an organization that emphasizes metallurgical research and publications.
PROCESSING,PROCESS,1,1,"Processing refers to methods and techniques utilized in the metallurgical treatment of materials, specifically in steel."
HOT DEFORMATION OF STEELS,PROCESS,1,1,Hot deformation of steels is a processing technique used to improve mechanical properties such as strength and ductility.
W. J. MCG. TEGART,PERSON,0,1,W. J. McG. Tegart is known for contributions to research focused on the hot deformation processes in steel materials.
D. DULIEU,PERSON,1,1,D. Dulieu is an author whose research focuses on materials science and metallurgy.
A. LE BON,PERSON,1,1,A. Le Bon is a researcher who contributed to works on microalloying and the design of alloys in metallurgical science.
C. OUCHI,PERSON,1,1,C. Ouchi is a researcher recognized for studies in steel processing and alloy properties.
J. D. BAIRD,PERSON,1,1,J. D. Baird contributed significantly to research regarding processing and properties of low-carbon steels.
J. J. JONAS,PERSON,1,1,J. J. Jonas is a metallurgical researcher who has published work on the science of metals.
R. A. P. DJAIC,PERSON,1,1,R. A. P. Djaic is a researcher who has collaborated on topics such as metallurgical processes.
C. ROSSARD,PERSON,1,1,C. Rossard contributed to the field with a focus on design aspects of alloys in steel manufacturing.
H. J. MCQUEEN,PERSON,1,1,H. J. McQueen is noted for his research in metallurgy and processing of steels.
"AMERICAN INSTITUTE OF MINING, METALLURGICAL AND PETROLEUM ENGINEERS",ORGANIZATION,3,2,"The American Institute of Mining, Metallurgical and Petroleum Engineers (AIME) is a prominent professional organization dedicated to advancing the fields of mining, metallurgical, and petroleum engineering. AIME plays a significant role in the dissemination of knowledge within these disciplines by publishing research and development findings, particularly in metallurgy and materials engineering. In addition to its publishing endeavors, the institute is actively involved in organizing conferences that facilitate networking, collaboration, and ongoing education for professionals in the associated fields. Through these efforts, AIME contributes to the advancement of technology and innovation in the mining and engineering sectors."
M. LAMBERIGTS,PERSON,2,1,M. Lamberigts is an author who has published research on the hot deformation of austenite in metallurgical education and practices.
T. GREDAY,PERSON,2,1,T. Greday is an author who has contributed to the research on hot deformation of austenite and microalloying studies.
R. PRIESTNER,PERSON,1,1,"R. Priestner is an author involved in metallurgical research, contributing to various publications on heat treatment and material properties."
E. L. BROWN,PERSON,1,1,"E. L. Brown is an author who works in metallurgical studies, particularly in the hot deformation of austenite."
G. F. MELLOY,PERSON,1,1,G. F. Melloy is an author noted for work on the microstructure and design of alloys.
S. GOHDA,PERSON,0,1,S. Gohda is an author contributing to research on steel and metallurgy published in 'Tetsu-to-Hagané'.
HEAT TREATMENT,PROCESS,1,1,Heat treatment is a metallurgical process involving the heating and cooling of metals to alter their physical and mechanical properties without changing the shape.
HOT DEFORMATION,PROCESS,4,1,Hot deformation is a process in metallurgical engineering where materials are deformed at elevated temperatures to improve properties.
J.N. CORDEA,PERSON,0,1,J.N. Cordea is an author noted for his contributions to metallurgical literature and publications.
S. SEKINO,PERSON,1,1,"S. Sekino is an author who has published research in the field of metallurgy, particularly in 'Tetsu-to-Hagané'."
N. MORI,PERSON,1,1,N. Mori is an author involved in metallurgical studies and research contributions.
S. TAMUKAI,PERSON,0,1,"S. Tamukai is an author contributing to research in metallurgy, known for works appearing in 'Tetsu-to-Hagané'."
T. H. HASHIMOTO,PERSON,1,1,"T. H. Hashimoto is an author who has done research in metallurgy, particularly in relation to hot deformation."
H. WATANABE,PERSON,1,1,H. Watanabe is an author known for his contributions to the study of metallurgical processes.
W.B. MORRISON,PERSON,1,1,W.B. Morrison is an author who has contributed to research in metallurgical science.
I. WEISS,PERSON,0,1,I. Weiss is an author associated with publications in metallurgical research.
K.J. IRVINE,PERSON,1,1,K.J. Irvine is an author who has contributed to the field of metallurgy and material sciences.
T. L. CAPELETTI,PERSON,1,1,T. L. Capeletti is an author who has published work in the field of metallurgy and material processes.
TETSUTO-HAGANÉ,PROCESS,3,1,"Tetsu-to-Hagané refers to a series of scholarly articles focused on steel and metallurgy issues, published in a scientific journal relevant to iron and steel processes."
DUCTILITY,MECHANICAL PROPERTY,3,1,"Ductility is a mechanical property that measures how much a material can stretch before breaking, influential in the manufacturing of steel products."
HOT DEFORMATION OF AUSTENITE,PROCESS,1,1,This process involves deforming austenite steel at high temperatures to improve its mechanical properties and is a key phase in steel processing.
CLIMAX MOLYBDENUM COMPANY,ORGANIZATION,3,3,"Climax Molybdenum Company is a prominent entity in the field of molybdenum production, recognized for its significant contributions to steel applications, particularly within the gas and oil industry. This company has established itself as a global leader in the manufacturing of molybdenum and its various compounds, which play a crucial role in the alloying process of steel. Their products are essential for enhancing the properties of steel, particularly in improving ductility and toughness, qualities that are increasingly critical in demanding industrial applications.

Headquartered in Japan, Climax Molybdenum Company focuses on the development and production of materials associated with molybdenum. The company's research efforts are directed towards advancing the fundamental characteristics that make steel more effective in operational environments, especially in relation to energy and resource extraction sectors. Their work underscores the importance of molybdenum-based solutions in achieving enhanced performance and reliability in steel manufacturing.

In summary, Climax Molybdenum Company combines cutting-edge research with its expansive production capabilities, solidifying its position as a key player in the global market for molybdenum and its applications. The company's dedication to innovation and high-quality standards is reflected in its comprehensive approach to meeting the needs of the steel industry, particularly in the context of oil and gas applications."
SECOND-PHASE PARTICLES,PHASE,3,1,"Second-phase particles refer to distinct phases within a material that can enhance specific mechanical properties, such as strength and toughness of steel."
WORKING GROUP ON METALLURGY,ORGANIZATION,0,1,"A working group focused on metallurgy studies, discussing relevant topics such as material processing and steel properties."
CUTTING AND JOINING OF STEEL,PROCESS,0,1,"This process encompasses various methodologies through which steel is cut and joined during manufacturing, influencing the final mechanical properties."
T. SAWAMURA,PERSON,0,1,"T. Sawamura is an author who has contributed to the field of metallurgy, particularly in research related to steel published in Tetsu-to-Hagané."
H. OHTANI,PERSON,0,1,H. Ohtani is a researcher in metallurgy known for contributions to studies regarding steel processes published in Tetsu-to-Hagané.
C. R. MACKENZIE,PERSON,0,1,C. R. Mackenzie is an author recognized for exploring iron and steel topics within the Journal of Iron Steel Institute.
R. W. YOUNG,PERSON,0,1,"R. W. Young is a contributor to the field of metallurgy, particularly in the study of iron and steel."
Y. SAITO,PERSON,0,1,Y. Saito is an author who has published research on steel metallurgy topics in Tetsu-to-Hagané.
Y. E. SMITH,PERSON,0,2,"Y. E. Smith is a notable figure in the field of metallurgy, recognized for their contributions to the understanding of the mechanical properties of steel. As a co-author of various discussions and research papers, Y. E. Smith has played a significant role in advancing the knowledge surrounding steel's characteristics and behaviors under different conditions. Their work has been featured in multiple publications, including reputable journals such as Metallurgical Transactions, which highlights the impact of their research on the metallurgical community. Through these studies, Y. E. Smith has contributed valuable insights into the mechanical properties of steel, which are essential for applications in engineering and materials science."
C. A. SIEBERT,PERSON,0,1,"C. A. Siebert has contributed to the research literature concerning metallurgical processes, particularly in the field of steel."
F. TERASAKI,PERSON,0,1,F. Terasaki has researched the mechanical properties of steel and published findings in Tetsu-to-Hagané.
T. KANEKO,PERSON,0,1,T. Kaneko is associated with the research of steel processing and mechanical properties as published in Tetsu-to-Hagané.
G. R. SPEICH,PERSON,0,1,"G. R. Speich is known for studies on the hot deformation of austenite, providing insights into processes important for steel production."
D. S. DABKOWSKI,PERSON,0,1,"D. S. Dabkowski is a researcher focusing on metallurgy processes, specifically in regards to steel properties."
H. INAGAKI,PERSON,0,1,"H. Inagaki has conducted significant research within metallurgical processes and steel studies, contributing to various publications."
W. B. MORRISON,PERSON,0,1,W. B. Morrison is an author of metallurgical literature that discusses steel properties and processes in detail.
E. MIYOSHI,PERSON,0,1,"E. Miyoshi is known for contributions to the field of metallurgy, focusing on properties and processing of steel."
M. FUKUDA,PERSON,0,1,"M. Fukuda has authored research regarding the processing and properties of steel, contributing significantly to the academic field."
R. SCHOFIELD,PERSON,0,1,R. Schofield has made contributions to metallurgy literature concerning the properties of iron and steel.
N. J. PETCH,PERSON,0,1,N. J. Petch has researched mechanical properties in steel formations and contributed to metallurgical writings.
A. E. WRAITH,PERSON,0,1,A. E. Wraith is involved in metallurgical research particularly studying steel and its mechanical properties.
E. S. WRIGHT,PERSON,0,1,"E. S. Wright has worked in the field of metallurgy, refining studies related to steel materials and processes."
E. A. ALMOND,PERSON,0,2,"E. A. Almond is a distinguished researcher specializing in metallurgical processes, particularly known for his contributions to the field of steel processing. He has published significant findings in the journal Metallurgical Transactions, where he discusses various aspects of steel processing and its properties. His work is recognized for advancing the understanding of metallurgical techniques, influencing both academic thought and practical applications in the metallurgy industry. Through his publications, E. A. Almond has established himself as an authority in the realm of metallurgical research, specifically focusing on the intricacies of steel and its processing methods."
M. IINO,PERSON,0,1,"M. Iino is a contributor to research in the field of steel metallurgy, known for their work in various publications."
H. MIMURA,PERSON,0,1,"H. Mimura has engaged in academic studies concerning the mechanical properties of steel, contributing to the database of knowledge in metallurgy."
N. NOMURA,PERSON,0,1,"N. Nomura is associated with research in metallurgy, focusing on steel processing and its properties.)<|COMPLETE|>"
MICROALLOYING,PROCESS,5,1,"Microalloying is a process that involves adding small amounts of alloying elements to steel to enhance its mechanical properties, especially strength and toughness."
DOUCILITY,MECHANICAL PROPERTY,2,1,"Ductility is a mechanical property that measures a material's ability to deform under tensile stress, which is crucial for various applications, including low-carbon steel."
K. KUNISHIGE,PERSON,0,2,"K. Kunishige is a recognized author known for his significant contributions to the field of metallurgy, particularly focusing on steel and its processing techniques. His works include multiple studies that delve into the complexities surrounding steel production and its various applications. Notably, he has published extensively in Tetsu-to-Hagané, a prominent journal dedicated to metallurgical research. Through his writings, K. Kunishige has garnered a reputation for enhancing the understanding of steel, reflecting both scholarly rigor and practical insights in his analyses. His contributions are highly regarded within the academic community, making him a notable figure in the studies related to steel and its technological advancements."
S. SUGIZAWA,PERSON,0,1,S. Sugizawa is another author who has provided research insights in Tetsu-io-Hagané in 1978 focused on metallurgical studies.
T. MORI,PERSON,0,1,T. Mori is an author associated with publications on steel characteristics and treatment methods in Tetsu-to-Hagané.
T. ENAMI,PERSON,0,1,"T. Enami is a contributor to studies in Tetsu-to-Hagané, focusing on metal processing and its implications."
T. FUNAKOSHI,PERSON,0,1,T. Funakoshi is one of the co-authors discussing metallurgical processes in the context of steel in Tetsu-to-Hagané.
R. OKABE,PERSON,0,1,R. Okabe is an author of a paper in Tetsu-to-Hagané contributing to research in metallurgy.
H. PIRCHNER,PERSON,0,1,"H. Pirchner contributed to the conference on microalloying, providing insights into steel treatment methods."
W. KLAPAR,PERSON,0,1,W. Klapar is noted for participation in the microalloying conference focused on steel properties and processing.
F.B. PICKERING,PERSON,0,1,F.B. Pickering is an author who contributed to the microalloying discussions and their effects on steel.
D. WEBSTER,PERSON,0,1,D. Webster has published research related to the properties of steels in J. Iron Steel Inst.
J. H. WOODHEAD,PERSON,0,1,J. H. Woodhead is noted for his work on steel processing published in the J. Iron Steel Inst.
M. DURBIN,PERSON,0,1,M. Durbin has published findings on the processing and properties of low-carbon steel.
P. R. KRAHE,PERSON,0,1,P. R. Krahe is co-author of works focused on low-carbon steel processing and its material properties.
A. P. COLDREN,PERSON,0,1,A. P. Coldren has significant contributions to publications on processing and properties of low-carbon steel.
M. LAFRANCE,PERSON,0,1,M. Lafrance is known for contributions to microalloying discussions in industry-related publications.
C. PARRINI,PERSON,0,1,"C. Parrini is noted for writing on aspects of steel processing, primarily in the context of microalloying."
T. YAMAGUCHI,PERSON,0,1,T. Yamaguchi has contributed to the literature on microalloying in steel applications.
COLDREN,PERSON,2,1,A. P. Coldren is an author who contributed to research regarding molybdenum-containing steels for gas and oil industry applications.
MIHELICH,PERSON,1,1,J. L. Mihelich is an author who worked alongside A. P. Coldren on a review about molybdenum-containing steels.
STAINLESS STEEL,STEEL GRADE,0,1,Stainless steel is a type of steel known for its corrosion resistance and is often used in various industrial applications.
DUAL-PHASE STEELS,STEEL GRADE,2,1,Dual-phase steels are a type of steel known for their complex microstructure and are used in automotive applications for enhanced mechanical properties.
STRUCTURE,PHENOMENON,2,1,Structure in the context of steels refers to the arrangement of phases and microstructural features in the material.
NEW YORK,GEO,2,1,"New York is referenced as the location where various publications by the American Institute of Mining, Metallurgical, and Petroleum Engineers were released."
AMERICAN SOCIETY OF MECHANICAL ENGINEERS,ORGANIZATION,1,1,This organization contributes to the association and dissemination of mechanical engineering research and advancements.
